-- phpMyAdmin SQL Dump
-- version 4.0.4
-- http://www.phpmyadmin.net
--
-- Client: localhost
-- Généré le: Dim 19 Juillet 2015 à 15:52
-- Version du serveur: 5.6.12-log
-- Version de PHP: 5.4.16

SET SQL_MODE = "NO_AUTO_VALUE_ON_ZERO";
SET time_zone = "+00:00";


/*!40101 SET @OLD_CHARACTER_SET_CLIENT=@@CHARACTER_SET_CLIENT */;
/*!40101 SET @OLD_CHARACTER_SET_RESULTS=@@CHARACTER_SET_RESULTS */;
/*!40101 SET @OLD_COLLATION_CONNECTION=@@COLLATION_CONNECTION */;
/*!40101 SET NAMES utf8 */;

--
-- Base de données: `serveur`
--
CREATE DATABASE IF NOT EXISTS `serveur` DEFAULT CHARACTER SET utf8 COLLATE utf8_general_ci;
USE `serveur`;

-- --------------------------------------------------------

--
-- Structure de la table `caisse`
--

CREATE TABLE IF NOT EXISTS `caisse` (
  `id` int(11) NOT NULL AUTO_INCREMENT,
  `fond` float NOT NULL,
  `date` date NOT NULL,
  PRIMARY KEY (`id`)
) ENGINE=InnoDB  DEFAULT CHARSET=latin1 AUTO_INCREMENT=12 ;

--
-- Contenu de la table `caisse`
--

INSERT INTO `caisse` (`id`, `fond`, `date`) VALUES
(1, 15, '2015-07-09'),
(2, 64, '2015-07-10'),
(3, 86.5, '2015-07-10'),
(4, 132, '2015-07-11'),
(5, 85, '2015-07-12'),
(6, 118, '2015-07-13'),
(7, 50, '2015-07-14'),
(8, 174.5, '2015-07-15'),
(9, 83, '2015-07-16'),
(10, 204.5, '2015-07-17'),
(11, 68.2, '2015-07-18');

-- --------------------------------------------------------

--
-- Structure de la table `categorie`
--

CREATE TABLE IF NOT EXISTS `categorie` (
  `id` int(11) NOT NULL AUTO_INCREMENT,
  `name` varchar(255) NOT NULL,
  `img` varchar(255) NOT NULL,
  PRIMARY KEY (`id`)
) ENGINE=InnoDB  DEFAULT CHARSET=utf8 AUTO_INCREMENT=8 ;

--
-- Contenu de la table `categorie`
--

INSERT INTO `categorie` (`id`, `name`, `img`) VALUES
(1, 'Boisson', 'img/Cat/Boissons.png'),
(2, 'Alcool', 'img/Cat/Alcool.png'),
(3, 'Snack', 'img/Cat/Mangé.png'),
(4, 'Barre Chocolatée', 'img/Cat/BarresChoco.png'),
(5, 'Glace', 'img/Cat/Glaces.png'),
(6, 'Boisson Chaude', 'img/Cat/Chaud.png'),
(7, 'Divers', 'img/Cat/Objets.png');

-- --------------------------------------------------------

--
-- Structure de la table `comment`
--

CREATE TABLE IF NOT EXISTS `comment` (
  `id` int(11) NOT NULL AUTO_INCREMENT,
  `comment` text NOT NULL,
  `date` datetime NOT NULL DEFAULT CURRENT_TIMESTAMP,
  `who` varchar(255) NOT NULL,
  PRIMARY KEY (`id`)
) ENGINE=InnoDB  DEFAULT CHARSET=latin1 AUTO_INCREMENT=4 ;

--
-- Contenu de la table `comment`
--

INSERT INTO `comment` (`id`, `comment`, `date`, `who`) VALUES
(1, 'Les gens sont plus attirés par les Kinder Bueno (la faute aux sportifs qui s''énervent sur les distributeurs).', '2015-07-09 18:20:42', 'Viking'),
(2, 'il faut un nouveau magistrat bar pour me remplacer j''abandonne !!\r\n', '2015-07-12 00:02:35', 'Simon'),
(3, 'Ce serait peut-être cool de faire une partie "dons", même si ça n''arrive pas  souvent.', '2015-07-17 22:45:18', 'Violette');

-- --------------------------------------------------------

--
-- Structure de la table `prix`
--

CREATE TABLE IF NOT EXISTS `prix` (
  `id` int(11) NOT NULL AUTO_INCREMENT,
  `prix` float NOT NULL,
  PRIMARY KEY (`id`)
) ENGINE=InnoDB  DEFAULT CHARSET=utf8 AUTO_INCREMENT=5 ;

--
-- Contenu de la table `prix`
--

INSERT INTO `prix` (`id`, `prix`) VALUES
(1, 0.5),
(2, 1),
(3, 1.5),
(4, -1);

-- --------------------------------------------------------

--
-- Structure de la table `produits`
--

CREATE TABLE IF NOT EXISTS `produits` (
  `id` int(11) NOT NULL AUTO_INCREMENT,
  `name` varchar(255) NOT NULL,
  `img` varchar(255) NOT NULL,
  `prix_achat` float NOT NULL,
  `nbr` int(11) NOT NULL,
  `id_categorie` int(11) NOT NULL,
  `scancode` varchar(255) NOT NULL,
  `nbr_limit` int(11) DEFAULT NULL,
  `id_prix` int(11) DEFAULT NULL,
  `total_stock` int(11) NOT NULL,
  PRIMARY KEY (`id`)
) ENGINE=InnoDB  DEFAULT CHARSET=utf8 AUTO_INCREMENT=24 ;

--
-- Contenu de la table `produits`
--

INSERT INTO `produits` (`id`, `name`, `img`, `prix_achat`, `nbr`, `id_categorie`, `scancode`, `nbr_limit`, `id_prix`, `total_stock`) VALUES
(1, 'Coca-Cola', 'img/Item/F12.png', 0.48, 2, 1, 'Coca-Cola', 0, 2, 7),
(2, 'Perrier', 'img/Item/F1.png', 0.35, 0, 1, 'Perrier', 0, 1, 0),
(3, 'Nestea', 'img/Item/unknow.png', 0.44, 0, 1, 'Nestea', 0, 2, 15),
(4, 'Orangina 25cl', 'img/Item/F10.png', 0.52, 0, 1, 'Origina 25cl', 0, 2, 87),
(5, 'Oasis Tropical Zero', 'img/Item/F9.png', 0.55, 0, 1, 'Oasis Tropical 0', 0, 2, 12),
(6, 'Panach''', 'img/Item/F3.png', 0.3, 0, 1, 'Panach''', 0, 1, 50),
(7, 'Leffe Blonde', 'img/Item/A2.png', 0.57, 0, 2, 'Leffe Blonde', 0, 3, 0),
(8, 'Crêpe', 'img/Item/M2.png', 0.1, 1, 3, 'Crepes', 0, 2, 5),
(9, 'Croque-Monsieur', 'img/Item/M1.png', 0.42, 0, 3, 'Croques Monsieur', 0, 1, 0),
(10, 'Twix', 'img/Item/G1.png', 0.3, 1, 4, 'Twix', 0, 2, 13),
(11, 'Lion', 'img/Item/B7.png', 0.32, 0, 4, 'Lion', 0, 2, 0),
(12, 'Sundy', 'img/Item/B1.png', 0.35, 0, 4, 'Sundy', 0, 2, 20),
(13, 'Kit-Kat', 'img/Item/B9.png', 0.34, 9, 4, 'Kit-Kat', 5, 2, 17),
(14, 'Bounty', 'img/Item/B6.png', 0.36, 0, 4, 'Bounty', 0, 2, 10),
(15, 'Forfait The / Cafe', 'img/Item/C1.png', 0.5, 69, 6, 'Forfait The / Cafe', 0, 1, 200),
(16, 'Ecocup', 'img/Item/O1.png', 1, 480, 7, 'Ecocup', 1, 2, 640),
(17, 'Schweppes Agrum''', 'img/Item/F8.png', 0.47, 0, 1, 'Schweppes Agrum''', 0, 2, 92),
(18, 'Oasis Tropical', 'img/Item/F9.png', 0.47, 0, 1, 'Oasis Tropical', 0, 2, 28),
(19, 'Ice Tea', 'img/Item/F4.png', 0.5, 0, 1, 'Ice Tea', 0, 2, 15),
(20, '7 Up Mojito', 'img/Item/F5.png', 0.42, 3, 1, '7 Up Mojito', 0, 2, 24),
(21, 'Kinder Bueno', 'img/Item/B8.png', 0.53, 11, 4, 'Kinder Bueno', 0, 2, 18),
(22, 'Remboursement', 'img/Item/O2.png', 0, 457, 7, '', 0, 4, 500),
(23, 'Bueno White', 'img/Item/B11.png', 0.57, 0, 4, '', 0, 2, 16);

-- --------------------------------------------------------

--
-- Structure de la table `refeel`
--

CREATE TABLE IF NOT EXISTS `refeel` (
  `id` int(11) NOT NULL AUTO_INCREMENT,
  `stock` text NOT NULL,
  `place` varchar(255) NOT NULL,
  `date` datetime NOT NULL DEFAULT CURRENT_TIMESTAMP,
  PRIMARY KEY (`id`)
) ENGINE=InnoDB DEFAULT CHARSET=utf8 AUTO_INCREMENT=1 ;

-- --------------------------------------------------------

--
-- Structure de la table `ticket`
--

CREATE TABLE IF NOT EXISTS `ticket` (
  `id` int(11) NOT NULL AUTO_INCREMENT,
  `list` text NOT NULL,
  `prix_total` float NOT NULL,
  `date` datetime NOT NULL,
  `id_user` int(11) NOT NULL,
  PRIMARY KEY (`id`)
) ENGINE=InnoDB  DEFAULT CHARSET=utf8 AUTO_INCREMENT=612 ;

--
-- Contenu de la table `ticket`
--

INSERT INTO `ticket` (`id`, `list`, `prix_total`, `date`, `id_user`) VALUES
(43, '[{"id":1,"nbr":4,"prix_unit":"1"},{"id":4,"nbr":1,"prix_unit":"1"},{"id":10,"nbr":1,"prix_unit":"1"}]', 6, '2015-07-09 17:09:00', 3),
(44, '[{"id":13,"nbr":2,"prix_unit":"1"},{"id":21,"nbr":1,"prix_unit":"1"}]', 3, '2015-07-09 17:23:24', 3),
(45, '[{"id":13,"nbr":1,"prix_unit":"1"}]', 1, '2015-07-09 17:25:26', 3),
(46, '[{"id":21,"nbr":1,"prix_unit":"1"}]', 1, '2015-07-09 17:25:49', 3),
(47, '[{"id":21,"nbr":1,"prix_unit":"1"},{"id":1,"nbr":1,"prix_unit":"1"}]', 2, '2015-07-09 17:40:13', 3),
(48, '[{"id":16,"nbr":1,"prix_unit":"1"}]', 1, '2015-07-09 18:03:33', 3),
(49, '[{"id":21,"nbr":1,"prix_unit":"1"}]', 1, '2015-07-09 18:05:03', 3),
(50, '[{"id":10,"nbr":1,"prix_unit":"1"}]', 1, '2015-07-09 18:12:43', 3),
(51, '[{"id":1,"nbr":2,"prix_unit":"1"}]', 2, '2015-07-09 18:17:16', 3),
(52, '[{"id":6,"nbr":1,"prix_unit":"0.5"},{"id":13,"nbr":1,"prix_unit":"1"}]', 1.5, '2015-07-09 18:47:13', 3),
(53, '[{"id":1,"nbr":1,"prix_unit":"1"}]', 1, '2015-07-09 21:57:05', 2),
(54, '[{"id":1,"nbr":1,"prix_unit":"1"}]', 1, '2015-07-09 21:57:37', 2),
(55, '[{"id":4,"nbr":2,"prix_unit":"1"},{"id":1,"nbr":2,"prix_unit":"1"}]', 4, '2015-07-09 22:26:07', 2),
(56, '[{"id":1,"nbr":1,"prix_unit":"1"},{"id":13,"nbr":1,"prix_unit":"1"}]', 2, '2015-07-09 22:44:29', 2),
(57, '[{"id":6,"nbr":1,"prix_unit":"0.5"}]', 0.5, '2015-07-09 22:47:52', 2),
(58, '[{"id":1,"nbr":1,"prix_unit":"1"}]', 1, '2015-07-09 22:49:07', 2),
(59, '[{"id":17,"nbr":1,"prix_unit":"1"},{"id":4,"nbr":1,"prix_unit":"1"},{"id":1,"nbr":1,"prix_unit":"1"}]', 3, '2015-07-09 22:53:21', 2),
(60, '[{"id":6,"nbr":3,"prix_unit":"0.5"}]', 1.5, '2015-07-09 22:54:55', 2),
(61, '[{"id":21,"nbr":1,"prix_unit":"1"}]', 1, '2015-07-09 23:07:57', 2),
(62, '[{"id":1,"nbr":1,"prix_unit":"1"}]', 1, '2015-07-09 23:10:04', 2),
(63, '[{"id":13,"nbr":1,"prix_unit":"1"},{"id":21,"nbr":1,"prix_unit":"1"}]', 2, '2015-07-09 23:10:51', 2),
(64, '[{"id":1,"nbr":3,"prix_unit":"1"},{"id":6,"nbr":1,"prix_unit":"0.5"}]', 3.5, '2015-07-09 23:18:24', 2),
(65, '[{"id":21,"nbr":1,"prix_unit":"1"}]', 1, '2015-07-09 23:43:41', 2),
(66, '[{"id":1,"nbr":1,"prix_unit":"1"},{"id":10,"nbr":1,"prix_unit":"1"}]', 2, '2015-07-10 00:15:14', 2),
(67, '[{"id":21,"nbr":1,"prix_unit":"1"}]', 1, '2015-07-10 00:32:03', 2),
(68, '[{"id":13,"nbr":1,"prix_unit":"1"}]', 1, '2015-07-10 00:36:07', 2),
(69, '[{"id":10,"nbr":1,"prix_unit":"1"}]', 1, '2015-07-10 14:20:32', 2),
(70, '[{"id":4,"nbr":1,"prix_unit":"1"},{"id":17,"nbr":1,"prix_unit":"1"}]', 2, '2015-07-10 14:24:48', 2),
(71, '[{"id":1,"nbr":1,"prix_unit":"1"},{"id":4,"nbr":1,"prix_unit":"1"}]', 2, '2015-07-10 15:19:12', 2),
(72, '[{"id":21,"nbr":1,"prix_unit":"1"}]', 1, '2015-07-10 15:22:09', 2),
(73, '[{"id":21,"nbr":1,"prix_unit":"1"}]', 1, '2015-07-10 15:23:03', 2),
(74, '[{"id":6,"nbr":1,"prix_unit":"0.5"},{"id":21,"nbr":1,"prix_unit":"1"}]', 1.5, '2015-07-10 15:45:38', 2),
(75, '[{"id":4,"nbr":1,"prix_unit":"1"}]', 1, '2015-07-10 15:52:00', 2),
(76, '[{"id":17,"nbr":1,"prix_unit":"1"},{"id":10,"nbr":1,"prix_unit":"1"}]', 2, '2015-07-10 16:00:59', 2),
(77, '[{"id":4,"nbr":1,"prix_unit":"1"},{"id":17,"nbr":1,"prix_unit":"1"},{"id":21,"nbr":1,"prix_unit":"1"}]', 3, '2015-07-10 16:14:37', 2),
(78, '[{"id":1,"nbr":1,"prix_unit":"1"}]', 1, '2015-07-10 16:17:10', 2),
(79, '[{"id":21,"nbr":1,"prix_unit":"1"}]', 1, '2015-07-10 16:17:26', 2),
(80, '[{"id":6,"nbr":1,"prix_unit":"0.5"}]', 0.5, '2015-07-10 16:28:42', 2),
(81, '[{"id":4,"nbr":1,"prix_unit":"1"}]', 1, '2015-07-10 16:47:47', 2),
(82, '[{"id":1,"nbr":1,"prix_unit":"1"},{"id":17,"nbr":2,"prix_unit":"1"}]', 3, '2015-07-10 17:13:57', 2),
(83, '[{"id":6,"nbr":2,"prix_unit":"0.5"}]', 1, '2015-07-10 18:10:46', 2),
(84, '[{"id":6,"nbr":1,"prix_unit":"0.5"}]', 0.5, '2015-07-10 18:56:24', 2),
(85, '[{"id":17,"nbr":1,"prix_unit":"1"}]', 1, '2015-07-10 21:33:26', 2),
(86, '[{"id":1,"nbr":1,"prix_unit":"1"}]', 1, '2015-07-10 21:40:55', 2),
(87, '[{"id":4,"nbr":2,"prix_unit":"1"}]', 2, '2015-07-10 21:41:36', 2),
(88, '[{"id":15,"nbr":1,"prix_unit":"0.5"},{"id":16,"nbr":1,"prix_unit":"1"}]', 1.5, '2015-07-10 22:18:45', 2),
(89, '[{"id":16,"nbr":1,"prix_unit":"1"},{"id":15,"nbr":1,"prix_unit":"0.5"}]', 1.5, '2015-07-10 22:19:24', 2),
(90, '[{"id":15,"nbr":1,"prix_unit":"0.5"},{"id":16,"nbr":1,"prix_unit":"1"}]', 1.5, '2015-07-10 22:20:35', 2),
(91, '[{"id":16,"nbr":1,"prix_unit":"1"},{"id":15,"nbr":1,"prix_unit":"0.5"}]', 1.5, '2015-07-10 22:20:56', 2),
(92, '[{"id":1,"nbr":1,"prix_unit":"1"}]', 1, '2015-07-10 22:22:07', 2),
(93, '[{"id":12,"nbr":1,"prix_unit":"1"}]', 1, '2015-07-10 22:37:20', 2),
(94, '[{"id":16,"nbr":3,"prix_unit":"1"},{"id":1,"nbr":2,"prix_unit":"1"},{"id":4,"nbr":1,"prix_unit":"1"},{"id":21,"nbr":2,"prix_unit":"1"},{"id":10,"nbr":1,"prix_unit":"1"}]', 9, '2015-07-10 22:48:00', 2),
(95, '[{"id":1,"nbr":1,"prix_unit":"1"}]', 1, '2015-07-10 23:14:12', 2),
(96, '[{"id":6,"nbr":1,"prix_unit":"0.5"}]', 0.5, '2015-07-10 23:27:34', 2),
(97, '[{"id":6,"nbr":1,"prix_unit":"0.5"},{"id":17,"nbr":1,"prix_unit":"1"}]', 1.5, '2015-07-10 23:28:24', 2),
(98, '[{"id":1,"nbr":1,"prix_unit":"1"},{"id":4,"nbr":1,"prix_unit":"1"},{"id":17,"nbr":1,"prix_unit":"1"},{"id":8,"nbr":1,"prix_unit":"1"}]', 4, '2015-07-10 23:44:58', 2),
(99, '[{"id":4,"nbr":1,"prix_unit":"1"}]', 1, '2015-07-10 23:50:48', 2),
(100, '[{"id":16,"nbr":1,"prix_unit":"1"},{"id":15,"nbr":1,"prix_unit":"0.5"}]', 1.5, '2015-07-10 23:58:48', 2),
(101, '[{"id":15,"nbr":2,"prix_unit":"0.5"},{"id":16,"nbr":2,"prix_unit":"1"}]', 3, '2015-07-11 00:24:25', 2),
(102, '[{"id":1,"nbr":1,"prix_unit":"1"}]', 1, '2015-07-11 00:48:41', 2),
(103, '[{"id":1,"nbr":1,"prix_unit":"1"}]', 1, '2015-07-11 00:50:04', 2),
(104, '[{"id":22,"nbr":1,"prix_unit":"-1"}]', -1, '2015-07-11 01:10:13', 4),
(105, '[{"id":16,"nbr":1,"prix_unit":"1"}]', 1, '2015-07-11 01:11:00', 4),
(106, '[{"id":15,"nbr":1,"prix_unit":"0.5"}]', 0.5, '2015-07-11 01:13:50', 4),
(107, '[{"id":16,"nbr":1,"prix_unit":"1"}]', 1, '2015-07-11 01:13:56', 4),
(108, '[{"id":4,"nbr":1,"prix_unit":"1"},{"id":17,"nbr":1,"prix_unit":"1"}]', 2, '2015-07-11 01:34:55', 4),
(109, '[]', 0, '2015-07-11 02:03:38', 4),
(110, '[{"id":15,"nbr":1,"prix_unit":"0.5"},{"id":16,"nbr":1,"prix_unit":"1"}]', 1.5, '2015-07-11 02:03:57', 4),
(111, '[{"id":21,"nbr":1,"prix_unit":"1"}]', 1, '2015-07-11 02:05:23', 4),
(112, '[{"id":21,"nbr":1,"prix_unit":"1"}]', 1, '2015-07-11 02:25:46', 4),
(113, '[{"id":8,"nbr":1,"prix_unit":"1"}]', 1, '2015-07-11 02:26:01', 4),
(114, '[{"id":8,"nbr":2,"prix_unit":"1"}]', 2, '2015-07-11 02:32:21', 4),
(115, '[{"id":15,"nbr":1,"prix_unit":"0.5"},{"id":16,"nbr":1,"prix_unit":"1"}]', 1.5, '2015-07-11 14:52:10', 2),
(116, '[{"id":16,"nbr":1,"prix_unit":"1"},{"id":15,"nbr":1,"prix_unit":"0.5"}]', 1.5, '2015-07-11 14:58:47', 2),
(117, '[{"id":15,"nbr":2,"prix_unit":"0.5"},{"id":16,"nbr":2,"prix_unit":"1"}]', 3, '2015-07-11 15:28:33', 2),
(118, '[{"id":1,"nbr":1,"prix_unit":"1"}]', 1, '2015-07-11 15:51:54', 2),
(119, '[{"id":15,"nbr":1,"prix_unit":"0.5"},{"id":16,"nbr":1,"prix_unit":"1"}]', 1.5, '2015-07-11 16:00:24', 2),
(120, '[{"id":13,"nbr":1,"prix_unit":"1"},{"id":21,"nbr":1,"prix_unit":"1"}]', 2, '2015-07-11 16:12:28', 2),
(121, '[{"id":6,"nbr":1,"prix_unit":"0.5"}]', 0.5, '2015-07-11 16:32:19', 2),
(122, '[{"id":3,"nbr":2,"prix_unit":"1"}]', 2, '2015-07-11 16:37:47', 2),
(123, '[{"id":3,"nbr":1,"prix_unit":"1"}]', 1, '2015-07-11 16:45:43', 2),
(124, '[{"id":15,"nbr":1,"prix_unit":"0.5"}]', 0.5, '2015-07-11 16:46:20', 2),
(125, '[{"id":16,"nbr":1,"prix_unit":"1"}]', 1, '2015-07-11 16:46:29', 2),
(126, '[{"id":15,"nbr":1,"prix_unit":"0.5"},{"id":16,"nbr":1,"prix_unit":"1"}]', 1.5, '2015-07-11 16:51:10', 2),
(127, '[{"id":17,"nbr":1,"prix_unit":"1"},{"id":1,"nbr":1,"prix_unit":"1"}]', 2, '2015-07-11 16:53:23', 2),
(128, '[{"id":1,"nbr":1,"prix_unit":"1"}]', 1, '2015-07-11 16:57:38', 2),
(129, '[{"id":17,"nbr":1,"prix_unit":"1"}]', 1, '2015-07-11 17:07:55', 2),
(130, '[{"id":17,"nbr":1,"prix_unit":"1"}]', 1, '2015-07-11 17:23:53', 2),
(131, '[{"id":17,"nbr":3,"prix_unit":"1"}]', 3, '2015-07-11 17:30:27', 2),
(132, '[{"id":1,"nbr":1,"prix_unit":"1"}]', 1, '2015-07-11 17:45:40', 2),
(133, '[{"id":21,"nbr":2,"prix_unit":"1"}]', 2, '2015-07-11 17:55:09', 2),
(134, '[{"id":1,"nbr":1,"prix_unit":"1"},{"id":16,"nbr":4,"prix_unit":"1"}]', 5, '2015-07-11 18:04:06', 2),
(135, '[{"id":16,"nbr":3,"prix_unit":"1"},{"id":15,"nbr":3,"prix_unit":"0.5"}]', 4.5, '2015-07-11 18:08:38', 2),
(136, '[{"id":3,"nbr":1,"prix_unit":"1"},{"id":4,"nbr":3,"prix_unit":"1"},{"id":17,"nbr":1,"prix_unit":"1"}]', 5, '2015-07-11 18:23:48', 2),
(137, '[{"id":17,"nbr":1,"prix_unit":"1"}]', 1, '2015-07-11 18:25:51', 2),
(138, '[{"id":21,"nbr":1,"prix_unit":"1"}]', 1, '2015-07-11 18:30:00', 2),
(139, '[{"id":10,"nbr":1,"prix_unit":"1"}]', 1, '2015-07-11 19:02:36', 2),
(140, '[{"id":22,"nbr":3,"prix_unit":"-1"}]', -3, '2015-07-11 19:31:56', 2),
(141, '[{"id":21,"nbr":1,"prix_unit":"1"}]', 1, '2015-07-11 21:42:09', 2),
(142, '[{"id":15,"nbr":3,"prix_unit":"0.5"},{"id":16,"nbr":3,"prix_unit":"1"}]', 4.5, '2015-07-11 21:54:18', 2),
(143, '[{"id":1,"nbr":2,"prix_unit":"1"}]', 2, '2015-07-11 22:03:44', 2),
(144, '[{"id":13,"nbr":1,"prix_unit":"1"},{"id":3,"nbr":2,"prix_unit":"1"}]', 3, '2015-07-11 22:15:28', 2),
(145, '[{"id":17,"nbr":1,"prix_unit":"1"},{"id":13,"nbr":1,"prix_unit":"1"},{"id":12,"nbr":1,"prix_unit":"1"}]', 3, '2015-07-11 22:17:00', 2),
(146, '[{"id":6,"nbr":1,"prix_unit":"0.5"},{"id":13,"nbr":1,"prix_unit":"1"},{"id":14,"nbr":2,"prix_unit":"1"}]', 3.5, '2015-07-11 22:20:47', 2),
(147, '[{"id":17,"nbr":1,"prix_unit":"1"}]', 1, '2015-07-11 22:22:41', 2),
(148, '[{"id":12,"nbr":1,"prix_unit":"1"}]', 1, '2015-07-11 22:35:51', 2),
(149, '[{"id":13,"nbr":1,"prix_unit":"1"},{"id":16,"nbr":1,"prix_unit":"1"},{"id":15,"nbr":1,"prix_unit":"0.5"}]', 2.5, '2015-07-11 22:38:35', 2),
(150, '[{"id":15,"nbr":4,"prix_unit":"0.5"},{"id":16,"nbr":4,"prix_unit":"1"}]', 6, '2015-07-11 22:44:18', 2),
(151, '[{"id":1,"nbr":2,"prix_unit":"1"},{"id":17,"nbr":1,"prix_unit":"1"},{"id":6,"nbr":1,"prix_unit":"0.5"}]', 3.5, '2015-07-11 22:50:19', 2),
(152, '[{"id":3,"nbr":3,"prix_unit":"1"},{"id":15,"nbr":1,"prix_unit":"0.5"},{"id":16,"nbr":1,"prix_unit":"1"}]', 4.5, '2015-07-11 22:51:33', 2),
(153, '[{"id":16,"nbr":2,"prix_unit":"1"},{"id":12,"nbr":2,"prix_unit":"1"}]', 4, '2015-07-11 22:52:47', 2),
(154, '[{"id":1,"nbr":1,"prix_unit":"1"}]', 1, '2015-07-11 22:55:39', 2),
(155, '[{"id":21,"nbr":1,"prix_unit":"1"}]', 1, '2015-07-11 23:06:14', 2),
(156, '[{"id":13,"nbr":1,"prix_unit":"1"}]', 1, '2015-07-11 23:06:32', 2),
(157, '[{"id":12,"nbr":1,"prix_unit":"1"},{"id":1,"nbr":1,"prix_unit":"1"}]', 2, '2015-07-11 23:07:57', 2),
(158, '[{"id":17,"nbr":1,"prix_unit":"1"},{"id":14,"nbr":1,"prix_unit":"1"}]', 2, '2015-07-11 23:23:27', 2),
(159, '[{"id":3,"nbr":2,"prix_unit":"1"},{"id":6,"nbr":1,"prix_unit":"0.5"}]', 2.5, '2015-07-11 23:30:55', 2),
(160, '[{"id":17,"nbr":1,"prix_unit":"1"},{"id":16,"nbr":1,"prix_unit":"1"}]', 2, '2015-07-11 23:32:10', 2),
(161, '[{"id":16,"nbr":2,"prix_unit":"1"},{"id":15,"nbr":1,"prix_unit":"0.5"}]', 2.5, '2015-07-11 23:33:07', 2),
(162, '[{"id":6,"nbr":2,"prix_unit":"0.5"}]', 1, '2015-07-11 23:33:37', 2),
(163, '[{"id":21,"nbr":1,"prix_unit":"1"}]', 1, '2015-07-11 23:34:35', 2),
(164, '[{"id":17,"nbr":1,"prix_unit":"1"},{"id":16,"nbr":1,"prix_unit":"1"}]', 2, '2015-07-11 23:35:21', 2),
(165, '[{"id":13,"nbr":2,"prix_unit":"1"},{"id":21,"nbr":1,"prix_unit":"1"}]', 3, '2015-07-11 23:36:14', 2),
(166, '[{"id":3,"nbr":1,"prix_unit":"1"}]', 1, '2015-07-11 23:39:42', 2),
(167, '[{"id":14,"nbr":1,"prix_unit":"1"},{"id":16,"nbr":1,"prix_unit":"1"},{"id":15,"nbr":1,"prix_unit":"0.5"}]', 2.5, '2015-07-11 23:39:58', 2),
(168, '[{"id":1,"nbr":1,"prix_unit":"1"}]', 1, '2015-07-11 23:41:21', 2),
(169, '[{"id":1,"nbr":1,"prix_unit":"1"},{"id":17,"nbr":1,"prix_unit":"1"}]', 2, '2015-07-11 23:45:25', 2),
(170, '[{"id":17,"nbr":1,"prix_unit":"1"}]', 1, '2015-07-11 23:47:01', 2),
(171, '[{"id":17,"nbr":1,"prix_unit":"1"}]', 1, '2015-07-11 23:51:28', 2),
(172, '[{"id":3,"nbr":1,"prix_unit":"1"}]', 1, '2015-07-11 23:57:12', 2),
(173, '[{"id":3,"nbr":1,"prix_unit":"1"}]', 1, '2015-07-12 00:07:36', 2),
(174, '[{"id":21,"nbr":4,"prix_unit":"1"},{"id":16,"nbr":2,"prix_unit":"1"},{"id":15,"nbr":2,"prix_unit":"0.5"}]', 7, '2015-07-12 00:09:49', 2),
(175, '[{"id":21,"nbr":1,"prix_unit":"1"},{"id":13,"nbr":1,"prix_unit":"1"}]', 2, '2015-07-12 00:10:01', 2),
(176, '[{"id":17,"nbr":1,"prix_unit":"1"},{"id":10,"nbr":1,"prix_unit":"1"}]', 2, '2015-07-12 00:11:03', 2),
(177, '[{"id":12,"nbr":1,"prix_unit":"1"},{"id":3,"nbr":1,"prix_unit":"1"}]', 2, '2015-07-12 00:11:55', 2),
(178, '[{"id":22,"nbr":1,"prix_unit":"-1"}]', -1, '2015-07-12 00:12:39', 2),
(179, '[{"id":1,"nbr":1,"prix_unit":"1"}]', 1, '2015-07-12 00:13:22', 2),
(180, '[{"id":1,"nbr":1,"prix_unit":"1"}]', 1, '2015-07-12 00:13:44', 2),
(181, '[{"id":1,"nbr":2,"prix_unit":"1"}]', 2, '2015-07-12 00:14:16', 2),
(182, '[{"id":6,"nbr":2,"prix_unit":"0.5"}]', 1, '2015-07-12 00:14:40', 2),
(183, '[{"id":16,"nbr":1,"prix_unit":"1"},{"id":15,"nbr":1,"prix_unit":"0.5"},{"id":1,"nbr":1,"prix_unit":"1"}]', 2.5, '2015-07-12 00:16:29', 2),
(184, '[{"id":16,"nbr":1,"prix_unit":"1"},{"id":15,"nbr":1,"prix_unit":"0.5"}]', 1.5, '2015-07-12 00:32:11', 2),
(185, '[{"id":10,"nbr":1,"prix_unit":"1"}]', 1, '2015-07-12 00:33:20', 2),
(186, '[{"id":16,"nbr":1,"prix_unit":"1"},{"id":15,"nbr":1,"prix_unit":"0.5"},{"id":6,"nbr":1,"prix_unit":"0.5"}]', 2, '2015-07-12 00:35:57', 2),
(187, '[{"id":6,"nbr":2,"prix_unit":"0.5"},{"id":16,"nbr":1,"prix_unit":"1"},{"id":15,"nbr":1,"prix_unit":"0.5"}]', 2.5, '2015-07-12 00:36:43', 2),
(188, '[{"id":6,"nbr":1,"prix_unit":"0.5"}]', 0.5, '2015-07-12 14:10:40', 2),
(189, '[{"id":15,"nbr":1,"prix_unit":"0.5"},{"id":16,"nbr":1,"prix_unit":"1"}]', 1.5, '2015-07-12 14:14:25', 2),
(190, '[{"id":22,"nbr":1,"prix_unit":"-1"}]', -1, '2015-07-12 14:17:56', 2),
(191, '[{"id":4,"nbr":1,"prix_unit":"1"},{"id":15,"nbr":1,"prix_unit":"0.5"},{"id":16,"nbr":1,"prix_unit":"1"}]', 2.5, '2015-07-12 14:55:30', 2),
(192, '[{"id":4,"nbr":1,"prix_unit":"1"}]', 1, '2015-07-12 15:08:21', 2),
(193, '[{"id":19,"nbr":1,"prix_unit":"1"}]', 1, '2015-07-12 15:17:25', 2),
(194, '[{"id":19,"nbr":1,"prix_unit":"1"}]', 1, '2015-07-12 15:17:29', 2),
(195, '[{"id":21,"nbr":1,"prix_unit":"1"}]', 1, '2015-07-12 15:53:49', 2),
(196, '[{"id":21,"nbr":1,"prix_unit":"1"}]', 1, '2015-07-12 15:55:00', 2),
(197, '[{"id":21,"nbr":1,"prix_unit":"1"}]', 1, '2015-07-12 16:05:27', 2),
(198, '[{"id":5,"nbr":1,"prix_unit":"1"}]', 1, '2015-07-12 16:08:43', 2),
(199, '[{"id":14,"nbr":1,"prix_unit":"1"}]', 1, '2015-07-12 16:12:49', 2),
(200, '[{"id":10,"nbr":1,"prix_unit":"1"},{"id":14,"nbr":1,"prix_unit":"1"}]', 2, '2015-07-12 16:13:39', 2),
(201, '[{"id":1,"nbr":1,"prix_unit":"1"}]', 1, '2015-07-12 16:14:34', 2),
(202, '[{"id":15,"nbr":1,"prix_unit":"0.5"},{"id":16,"nbr":1,"prix_unit":"1"}]', 1.5, '2015-07-12 16:29:56', 2),
(203, '[{"id":21,"nbr":1,"prix_unit":"1"}]', 1, '2015-07-12 16:38:55', 2),
(204, '[{"id":16,"nbr":2,"prix_unit":"1"},{"id":15,"nbr":2,"prix_unit":"0.5"}]', 3, '2015-07-12 16:45:18', 2),
(205, '[{"id":14,"nbr":1,"prix_unit":"1"}]', 1, '2015-07-12 17:00:21', 2),
(206, '[{"id":14,"nbr":1,"prix_unit":"1"}]', 1, '2015-07-12 17:00:45', 2),
(207, '[{"id":14,"nbr":2,"prix_unit":"1"}]', 2, '2015-07-12 17:02:39', 2),
(208, '[{"id":5,"nbr":1,"prix_unit":"1"},{"id":19,"nbr":1,"prix_unit":"1"},{"id":21,"nbr":1,"prix_unit":"1"}]', 3, '2015-07-12 17:20:26', 2),
(209, '[{"id":10,"nbr":1,"prix_unit":"1"}]', 1, '2015-07-12 17:24:54', 2),
(210, '[{"id":21,"nbr":1,"prix_unit":"1"},{"id":1,"nbr":1,"prix_unit":"1"}]', 2, '2015-07-12 17:40:25', 2),
(211, '[{"id":16,"nbr":1,"prix_unit":"1"},{"id":15,"nbr":1,"prix_unit":"0.5"}]', 1.5, '2015-07-12 17:45:07', 2),
(212, '[{"id":4,"nbr":1,"prix_unit":"1"},{"id":19,"nbr":2,"prix_unit":"1"}]', 3, '2015-07-12 18:00:22', 2),
(213, '[{"id":16,"nbr":2,"prix_unit":"1"}]', 2, '2015-07-12 18:01:46', 2),
(214, '[{"id":15,"nbr":2,"prix_unit":"0.5"}]', 1, '2015-07-12 18:02:08', 2),
(215, '[{"id":1,"nbr":2,"prix_unit":"1"}]', 2, '2015-07-12 18:02:47', 2),
(216, '[{"id":4,"nbr":1,"prix_unit":"1"},{"id":21,"nbr":1,"prix_unit":"1"}]', 2, '2015-07-12 18:07:21', 2),
(217, '[{"id":1,"nbr":2,"prix_unit":"1"},{"id":19,"nbr":2,"prix_unit":"1"}]', 4, '2015-07-12 18:16:47', 2),
(218, '[{"id":12,"nbr":1,"prix_unit":"1"}]', 1, '2015-07-12 18:21:26', 2),
(219, '[{"id":21,"nbr":1,"prix_unit":"1"}]', 1, '2015-07-12 18:42:50', 2),
(220, '[{"id":1,"nbr":1,"prix_unit":"1"}]', 1, '2015-07-12 19:01:58', 2),
(221, '[{"id":1,"nbr":1,"prix_unit":"1"}]', 1, '2015-07-12 21:06:51', 2),
(222, '[{"id":15,"nbr":2,"prix_unit":"0.5"}]', 1, '2015-07-12 21:14:45', 2),
(223, '[{"id":16,"nbr":2,"prix_unit":"1"}]', 2, '2015-07-12 21:14:55', 2),
(224, '[{"id":16,"nbr":1,"prix_unit":"1"},{"id":15,"nbr":1,"prix_unit":"0.5"}]', 1.5, '2015-07-12 21:23:36', 2),
(225, '[{"id":15,"nbr":1,"prix_unit":"0.5"},{"id":16,"nbr":1,"prix_unit":"1"}]', 1.5, '2015-07-12 21:24:41', 2),
(226, '[{"id":15,"nbr":1,"prix_unit":"0.5"}]', 0.5, '2015-07-12 21:25:18', 2),
(227, '[{"id":5,"nbr":1,"prix_unit":"1"},{"id":16,"nbr":1,"prix_unit":"1"}]', 2, '2015-07-12 21:32:40', 2),
(228, '[{"id":16,"nbr":1,"prix_unit":"1"},{"id":15,"nbr":1,"prix_unit":"0.5"}]', 1.5, '2015-07-12 21:33:09', 2),
(229, '[{"id":15,"nbr":1,"prix_unit":"0.5"},{"id":16,"nbr":1,"prix_unit":"1"}]', 1.5, '2015-07-12 21:38:18', 2),
(230, '[{"id":13,"nbr":2,"prix_unit":"1"}]', 2, '2015-07-12 22:13:58', 2),
(231, '[{"id":19,"nbr":1,"prix_unit":"1"}]', 1, '2015-07-12 22:34:55', 2),
(232, '[{"id":1,"nbr":1,"prix_unit":"1"},{"id":5,"nbr":1,"prix_unit":"1"}]', 2, '2015-07-12 22:51:41', 2),
(233, '[{"id":21,"nbr":1,"prix_unit":"1"}]', 1, '2015-07-12 23:04:08', 2),
(234, '[{"id":1,"nbr":1,"prix_unit":"1"},{"id":19,"nbr":1,"prix_unit":"1"},{"id":13,"nbr":1,"prix_unit":"1"}]', 3, '2015-07-12 23:05:51', 2),
(235, '[{"id":1,"nbr":1,"prix_unit":"1"}]', 1, '2015-07-12 23:11:53', 2),
(236, '[{"id":4,"nbr":1,"prix_unit":"1"}]', 1, '2015-07-12 23:25:15', 2),
(237, '[{"id":13,"nbr":1,"prix_unit":"1"}]', 1, '2015-07-12 23:33:01', 2),
(238, '[{"id":16,"nbr":1,"prix_unit":"1"},{"id":15,"nbr":1,"prix_unit":"0.5"}]', 1.5, '2015-07-12 23:47:39', 2),
(239, '[{"id":1,"nbr":1,"prix_unit":"1"},{"id":10,"nbr":1,"prix_unit":"1"}]', 2, '2015-07-12 23:49:37', 2),
(240, '[{"id":22,"nbr":1,"prix_unit":"-1"}]', -1, '2015-07-12 23:49:49', 2),
(241, '[{"id":22,"nbr":1,"prix_unit":"-1"}]', -1, '2015-07-13 00:22:48', 2),
(242, '[{"id":4,"nbr":1,"prix_unit":"1"},{"id":21,"nbr":1,"prix_unit":"1"}]', 2, '2015-07-13 00:29:11', 2),
(243, '[{"id":22,"nbr":1,"prix_unit":"-1"},{"id":13,"nbr":1,"prix_unit":"1"}]', 0, '2015-07-13 00:34:41', 2),
(244, '[{"id":13,"nbr":2,"prix_unit":"1"},{"id":10,"nbr":1,"prix_unit":"1"}]', 3, '2015-07-13 00:35:14', 2),
(245, '[{"id":12,"nbr":1,"prix_unit":"1"}]', 1, '2015-07-13 00:35:44', 2),
(246, '[{"id":13,"nbr":2,"prix_unit":"1"},{"id":16,"nbr":1,"prix_unit":"1"},{"id":15,"nbr":1,"prix_unit":"0.5"}]', 3.5, '2015-07-13 00:44:33', 2),
(247, '[{"id":22,"nbr":2,"prix_unit":"-1"}]', -2, '2015-07-13 00:50:11', 2),
(248, '[{"id":12,"nbr":1,"prix_unit":"1"}]', 1, '2015-07-13 14:59:17', 2),
(249, '[{"id":1,"nbr":1,"prix_unit":"1"},{"id":4,"nbr":1,"prix_unit":"1"}]', 2, '2015-07-13 15:02:10', 2),
(250, '[{"id":19,"nbr":1,"prix_unit":"1"},{"id":16,"nbr":1,"prix_unit":"1"}]', 2, '2015-07-13 15:14:15', 2),
(251, '[{"id":4,"nbr":3,"prix_unit":"1"}]', 3, '2015-07-13 15:40:33', 2),
(252, '[{"id":12,"nbr":1,"prix_unit":"1"},{"id":15,"nbr":1,"prix_unit":"0.5"},{"id":16,"nbr":1,"prix_unit":"1"}]', 2.5, '2015-07-13 15:45:41', 2),
(253, '[{"id":16,"nbr":1,"prix_unit":"1"},{"id":15,"nbr":1,"prix_unit":"0.5"},{"id":1,"nbr":3,"prix_unit":"1"}]', 4.5, '2015-07-13 15:55:00', 2),
(254, '[{"id":1,"nbr":2,"prix_unit":"1"}]', 2, '2015-07-13 16:14:35', 2),
(255, '[{"id":19,"nbr":1,"prix_unit":"1"},{"id":4,"nbr":1,"prix_unit":"1"}]', 2, '2015-07-13 16:44:05', 2),
(256, '[{"id":4,"nbr":1,"prix_unit":"1"},{"id":16,"nbr":1,"prix_unit":"1"}]', 2, '2015-07-13 16:45:53', 2),
(257, '[{"id":1,"nbr":2,"prix_unit":"1"},{"id":13,"nbr":1,"prix_unit":"1"}]', 3, '2015-07-13 16:47:49', 2),
(258, '[{"id":1,"nbr":1,"prix_unit":"1"},{"id":4,"nbr":1,"prix_unit":"1"},{"id":19,"nbr":1,"prix_unit":"1"},{"id":5,"nbr":1,"prix_unit":"1"}]', 4, '2015-07-13 16:51:36', 2),
(259, '[{"id":4,"nbr":1,"prix_unit":"1"},{"id":10,"nbr":1,"prix_unit":"1"}]', 2, '2015-07-13 16:52:01', 2),
(260, '[{"id":1,"nbr":1,"prix_unit":"1"},{"id":19,"nbr":1,"prix_unit":"1"},{"id":5,"nbr":1,"prix_unit":"1"}]', 3, '2015-07-13 16:55:48', 2),
(261, '[{"id":4,"nbr":1,"prix_unit":"1"},{"id":13,"nbr":3,"prix_unit":"1"},{"id":10,"nbr":1,"prix_unit":"1"}]', 5, '2015-07-13 17:06:47', 2),
(262, '[{"id":1,"nbr":1,"prix_unit":"1"}]', 1, '2015-07-13 17:23:17', 2),
(263, '[{"id":19,"nbr":1,"prix_unit":"1"},{"id":5,"nbr":1,"prix_unit":"1"}]', 2, '2015-07-13 17:42:33', 2),
(264, '[{"id":22,"nbr":1,"prix_unit":"-1"},{"id":12,"nbr":1,"prix_unit":"1"}]', 0, '2015-07-13 17:47:24', 2),
(265, '[{"id":16,"nbr":1,"prix_unit":"1"}]', 1, '2015-07-13 17:50:17', 2),
(266, '[{"id":1,"nbr":1,"prix_unit":"1"}]', 1, '2015-07-13 18:23:58', 2),
(267, '[{"id":1,"nbr":1,"prix_unit":"1"}]', 1, '2015-07-13 18:24:54', 2),
(268, '[{"id":19,"nbr":1,"prix_unit":"1"}]', 1, '2015-07-13 18:39:26', 2),
(269, '[{"id":22,"nbr":1,"prix_unit":"-1"}]', -1, '2015-07-13 19:01:08', 2),
(270, '[{"id":16,"nbr":1,"prix_unit":"1"},{"id":15,"nbr":1,"prix_unit":"0.5"}]', 1.5, '2015-07-13 21:18:17', 2),
(271, '[{"id":21,"nbr":2,"prix_unit":"1"}]', 2, '2015-07-13 21:22:08', 2),
(272, '[{"id":1,"nbr":1,"prix_unit":"1"}]', 1, '2015-07-13 21:27:42', 2),
(273, '[{"id":5,"nbr":1,"prix_unit":"1"}]', 1, '2015-07-13 21:36:02', 2),
(274, '[{"id":1,"nbr":1,"prix_unit":"1"},{"id":16,"nbr":1,"prix_unit":"1"},{"id":15,"nbr":1,"prix_unit":"0.5"}]', 2.5, '2015-07-13 21:42:48', 2),
(275, '[{"id":1,"nbr":1,"prix_unit":"1"}]', 1, '2015-07-13 21:44:15', 2),
(276, '[{"id":15,"nbr":1,"prix_unit":"0.5"},{"id":16,"nbr":1,"prix_unit":"1"}]', 1.5, '2015-07-13 22:04:39', 2),
(277, '[{"id":6,"nbr":1,"prix_unit":"0.5"}]', 0.5, '2015-07-13 22:18:11', 2),
(278, '[{"id":16,"nbr":3,"prix_unit":"1"},{"id":15,"nbr":3,"prix_unit":"0.5"}]', 4.5, '2015-07-13 22:20:02', 2),
(279, '[{"id":15,"nbr":3,"prix_unit":"0.5"},{"id":16,"nbr":3,"prix_unit":"1"}]', 4.5, '2015-07-13 22:29:19', 2),
(280, '[{"id":22,"nbr":1,"prix_unit":"-1"}]', -1, '2015-07-13 22:37:13', 2),
(281, '[{"id":17,"nbr":1,"prix_unit":"1"},{"id":21,"nbr":1,"prix_unit":"1"}]', 2, '2015-07-13 22:45:04', 2),
(282, '[{"id":6,"nbr":4,"prix_unit":"0.5"},{"id":17,"nbr":2,"prix_unit":"1"}]', 4, '2015-07-13 22:47:17', 2),
(283, '[{"id":5,"nbr":2,"prix_unit":"1"},{"id":6,"nbr":1,"prix_unit":"0.5"},{"id":10,"nbr":1,"prix_unit":"1"},{"id":21,"nbr":1,"prix_unit":"1"}]', 4.5, '2015-07-13 22:48:44', 2),
(284, '[{"id":16,"nbr":1,"prix_unit":"1"}]', 1, '2015-07-13 22:50:51', 2),
(285, '[{"id":21,"nbr":1,"prix_unit":"1"}]', 1, '2015-07-13 22:51:36', 2),
(286, '[{"id":16,"nbr":1,"prix_unit":"1"},{"id":15,"nbr":1,"prix_unit":"0.5"}]', 1.5, '2015-07-13 22:53:36', 2),
(287, '[{"id":1,"nbr":3,"prix_unit":"1"}]', 3, '2015-07-13 22:55:48', 2),
(288, '[{"id":22,"nbr":2,"prix_unit":"-1"}]', -2, '2015-07-13 22:58:24', 2),
(289, '[{"id":1,"nbr":1,"prix_unit":"1"}]', 1, '2015-07-13 22:59:34', 2),
(290, '[{"id":15,"nbr":1,"prix_unit":"0.5"},{"id":16,"nbr":1,"prix_unit":"1"}]', 1.5, '2015-07-13 23:00:06', 2),
(291, '[{"id":1,"nbr":2,"prix_unit":"1"},{"id":21,"nbr":1,"prix_unit":"1"}]', 3, '2015-07-13 23:11:34', 2),
(292, '[{"id":17,"nbr":1,"prix_unit":"1"}]', 1, '2015-07-13 23:12:19', 2),
(293, '[{"id":17,"nbr":1,"prix_unit":"1"},{"id":18,"nbr":1,"prix_unit":"1"}]', 2, '2015-07-13 23:21:20', 2),
(294, '[{"id":16,"nbr":1,"prix_unit":"1"},{"id":15,"nbr":1,"prix_unit":"0.5"}]', 1.5, '2015-07-13 23:25:45', 2),
(295, '[{"id":1,"nbr":1,"prix_unit":"1"},{"id":21,"nbr":1,"prix_unit":"1"}]', 2, '2015-07-13 23:25:57', 2),
(296, '[{"id":12,"nbr":1,"prix_unit":"1"},{"id":10,"nbr":1,"prix_unit":"1"}]', 2, '2015-07-13 23:36:45', 2),
(297, '[{"id":15,"nbr":1,"prix_unit":"0.5"}]', 0.5, '2015-07-13 23:41:28', 2),
(298, '[{"id":16,"nbr":1,"prix_unit":"1"}]', 1, '2015-07-13 23:41:37', 2),
(299, '[{"id":1,"nbr":4,"prix_unit":"1"}]', 4, '2015-07-13 23:48:02', 2),
(300, '[{"id":17,"nbr":1,"prix_unit":"1"}]', 1, '2015-07-13 23:48:58', 2),
(301, '[{"id":17,"nbr":1,"prix_unit":"1"}]', 1, '2015-07-13 23:50:46', 2),
(302, '[{"id":1,"nbr":2,"prix_unit":"1"},{"id":6,"nbr":2,"prix_unit":"0.5"}]', 3, '2015-07-13 23:55:52', 2),
(303, '[{"id":21,"nbr":2,"prix_unit":"1"},{"id":13,"nbr":3,"prix_unit":"1"}]', 5, '2015-07-14 00:04:58', 2),
(304, '[{"id":1,"nbr":1,"prix_unit":"1"},{"id":17,"nbr":1,"prix_unit":"1"},{"id":16,"nbr":1,"prix_unit":"1"}]', 3, '2015-07-14 00:10:43', 2),
(305, '[{"id":16,"nbr":1,"prix_unit":"1"},{"id":15,"nbr":1,"prix_unit":"0.5"}]', 1.5, '2015-07-14 00:30:53', 2),
(306, '[{"id":1,"nbr":3,"prix_unit":"1"}]', 3, '2015-07-14 14:34:05', 2),
(307, '[{"id":1,"nbr":1,"prix_unit":"1"}]', 1, '2015-07-14 14:40:01', 2),
(308, '[{"id":6,"nbr":2,"prix_unit":"0.5"}]', 1, '2015-07-14 14:42:04', 2),
(309, '[{"id":21,"nbr":1,"prix_unit":"1"}]', 1, '2015-07-14 15:12:05', 2),
(310, '[{"id":17,"nbr":1,"prix_unit":"1"}]', 1, '2015-07-14 15:27:47', 2),
(311, '[{"id":12,"nbr":1,"prix_unit":"1"}]', 1, '2015-07-14 15:49:22', 2),
(312, '[{"id":6,"nbr":2,"prix_unit":"0.5"}]', 1, '2015-07-14 15:52:16', 2),
(313, '[{"id":18,"nbr":1,"prix_unit":"1"},{"id":12,"nbr":1,"prix_unit":"1"}]', 2, '2015-07-14 16:00:25', 2),
(314, '[{"id":18,"nbr":1,"prix_unit":"1"}]', 1, '2015-07-14 16:19:02', 2),
(315, '[{"id":1,"nbr":1,"prix_unit":"1"},{"id":10,"nbr":1,"prix_unit":"1"}]', 2, '2015-07-14 16:22:05', 2),
(316, '[{"id":18,"nbr":1,"prix_unit":"1"}]', 1, '2015-07-14 16:37:05', 2),
(317, '[{"id":6,"nbr":1,"prix_unit":"0.5"}]', 0.5, '2015-07-14 16:44:40', 2),
(318, '[{"id":12,"nbr":1,"prix_unit":"1"},{"id":1,"nbr":1,"prix_unit":"1"}]', 2, '2015-07-14 16:48:09', 2),
(319, '[{"id":17,"nbr":1,"prix_unit":"1"},{"id":6,"nbr":1,"prix_unit":"0.5"}]', 1.5, '2015-07-14 16:50:09', 2),
(320, '[{"id":12,"nbr":1,"prix_unit":"1"}]', 1, '2015-07-14 16:56:16', 2),
(321, '[{"id":17,"nbr":1,"prix_unit":"1"}]', 1, '2015-07-14 17:12:54', 2),
(322, '[{"id":1,"nbr":2,"prix_unit":"1"}]', 2, '2015-07-14 17:27:31', 2),
(323, '[{"id":6,"nbr":1,"prix_unit":"0.5"},{"id":1,"nbr":1,"prix_unit":"1"},{"id":18,"nbr":1,"prix_unit":"1"}]', 2.5, '2015-07-14 17:33:59', 2),
(324, '[{"id":18,"nbr":1,"prix_unit":"1"},{"id":13,"nbr":1,"prix_unit":"1"}]', 2, '2015-07-14 17:34:35', 2),
(325, '[{"id":12,"nbr":1,"prix_unit":"1"}]', 1, '2015-07-14 17:34:51', 2),
(326, '[{"id":12,"nbr":1,"prix_unit":"1"},{"id":13,"nbr":1,"prix_unit":"1"}]', 2, '2015-07-14 17:35:09', 2),
(327, '[{"id":18,"nbr":4,"prix_unit":"1"},{"id":17,"nbr":2,"prix_unit":"1"}]', 6, '2015-07-14 17:44:24', 2),
(328, '[{"id":1,"nbr":1,"prix_unit":"1"}]', 1, '2015-07-14 17:44:42', 2),
(329, '[{"id":18,"nbr":1,"prix_unit":"1"}]', 1, '2015-07-14 17:58:38', 2),
(330, '[{"id":12,"nbr":1,"prix_unit":"1"},{"id":15,"nbr":1,"prix_unit":"0.5"},{"id":16,"nbr":1,"prix_unit":"1"},{"id":10,"nbr":1,"prix_unit":"1"},{"id":17,"nbr":1,"prix_unit":"1"}]', 4.5, '2015-07-14 18:11:37', 2),
(331, '[{"id":18,"nbr":1,"prix_unit":"1"}]', 1, '2015-07-14 18:17:33', 2),
(332, '[{"id":10,"nbr":1,"prix_unit":"1"}]', 1, '2015-07-14 18:38:14', 2),
(333, '[{"id":10,"nbr":1,"prix_unit":"1"}]', 1, '2015-07-14 18:38:35', 2),
(334, '[{"id":18,"nbr":1,"prix_unit":"1"}]', 1, '2015-07-14 18:40:56', 2),
(335, '[{"id":17,"nbr":3,"prix_unit":"1"},{"id":1,"nbr":1,"prix_unit":"1"}]', 4, '2015-07-14 18:41:59', 2),
(336, '[{"id":1,"nbr":1,"prix_unit":"1"}]', 1, '2015-07-14 18:44:03', 2),
(337, '[{"id":1,"nbr":1,"prix_unit":"1"}]', 1, '2015-07-14 21:18:39', 2),
(338, '[{"id":6,"nbr":2,"prix_unit":"0.5"},{"id":17,"nbr":1,"prix_unit":"1"}]', 2, '2015-07-14 21:53:51', 2),
(339, '[{"id":1,"nbr":1,"prix_unit":"1"}]', 1, '2015-07-14 22:01:28', 2),
(340, '[{"id":17,"nbr":2,"prix_unit":"1"},{"id":1,"nbr":1,"prix_unit":"1"}]', 3, '2015-07-14 22:03:07', 2),
(341, '[{"id":18,"nbr":1,"prix_unit":"1"}]', 1, '2015-07-14 22:03:11', 2),
(342, '[{"id":18,"nbr":1,"prix_unit":"1"}]', 1, '2015-07-14 22:07:29', 2),
(343, '[{"id":13,"nbr":2,"prix_unit":"1"},{"id":5,"nbr":1,"prix_unit":"1"},{"id":17,"nbr":1,"prix_unit":"1"}]', 4, '2015-07-14 22:17:00', 2),
(344, '[{"id":18,"nbr":2,"prix_unit":"1"},{"id":13,"nbr":2,"prix_unit":"1"}]', 4, '2015-07-14 22:24:57', 2),
(345, '[{"id":16,"nbr":2,"prix_unit":"1"},{"id":15,"nbr":2,"prix_unit":"0.5"}]', 3, '2015-07-14 22:46:31', 2),
(346, '[{"id":15,"nbr":4,"prix_unit":"0.5"},{"id":16,"nbr":4,"prix_unit":"1"},{"id":13,"nbr":1,"prix_unit":"1"}]', 7, '2015-07-14 23:02:44', 2),
(348, '[{"id":16,"nbr":1,"prix_unit":"1"},{"id":15,"nbr":1,"prix_unit":"0.5"}]', 1.5, '2015-07-14 23:18:43', 2),
(349, '[{"id":17,"nbr":2,"prix_unit":"1"},{"id":6,"nbr":1,"prix_unit":"0.5"}]', 2.5, '2015-07-14 23:31:40', 2),
(350, '[{"id":6,"nbr":1,"prix_unit":"0.5"},{"id":10,"nbr":1,"prix_unit":"1"}]', 1.5, '2015-07-14 23:53:33', 2),
(351, '[{"id":13,"nbr":1,"prix_unit":"1"}]', 1, '2015-07-14 23:53:56', 2),
(352, '[{"id":17,"nbr":2,"prix_unit":"1"},{"id":6,"nbr":1,"prix_unit":"0.5"}]', 2.5, '2015-07-14 23:57:38', 2),
(353, '[{"id":1,"nbr":1,"prix_unit":"1"},{"id":6,"nbr":1,"prix_unit":"0.5"}]', 1.5, '2015-07-14 23:58:27', 2),
(354, '[{"id":18,"nbr":2,"prix_unit":"1"}]', 2, '2015-07-15 00:00:55', 2),
(355, '[{"id":17,"nbr":1,"prix_unit":"1"},{"id":15,"nbr":1,"prix_unit":"0.5"}]', 1.5, '2015-07-15 00:01:48', 2),
(356, '[{"id":17,"nbr":1,"prix_unit":"1"}]', 1, '2015-07-15 00:03:07', 2),
(357, '[{"id":1,"nbr":1,"prix_unit":"1"},{"id":16,"nbr":1,"prix_unit":"1"}]', 2, '2015-07-15 00:15:59', 2),
(358, '[{"id":18,"nbr":1,"prix_unit":"1"}]', 1, '2015-07-15 00:20:28', 2),
(359, '[{"id":1,"nbr":2,"prix_unit":"1"}]', 2, '2015-07-15 00:24:08', 2),
(360, '[{"id":1,"nbr":1,"prix_unit":"1"},{"id":13,"nbr":1,"prix_unit":"1"}]', 2, '2015-07-15 00:24:39', 2),
(361, '[{"id":18,"nbr":1,"prix_unit":"1"}]', 1, '2015-07-15 00:28:28', 2),
(362, '[{"id":17,"nbr":1,"prix_unit":"1"}]', 1, '2015-07-15 00:44:02', 2),
(363, '[{"id":6,"nbr":1,"prix_unit":"0.5"},{"id":10,"nbr":1,"prix_unit":"1"}]', 1.5, '2015-07-15 00:45:43', 2),
(364, '[{"id":22,"nbr":2,"prix_unit":"-1"}]', -2, '2015-07-15 00:51:39', 2),
(365, '[{"id":18,"nbr":1,"prix_unit":"1"}]', 1, '2015-07-15 00:57:15', 2),
(366, '[{"id":18,"nbr":1,"prix_unit":"1"}]', 1, '2015-07-15 00:58:52', 2),
(367, '[{"id":1,"nbr":2,"prix_unit":"1"}]', 2, '2015-07-15 00:59:41', 2),
(368, '[{"id":10,"nbr":1,"prix_unit":"1"},{"id":13,"nbr":1,"prix_unit":"1"}]', 2, '2015-07-15 01:02:44', 2),
(369, '[{"id":10,"nbr":1,"prix_unit":"1"},{"id":18,"nbr":1,"prix_unit":"1"}]', 2, '2015-07-15 01:03:19', 2),
(370, '[{"id":10,"nbr":1,"prix_unit":"1"},{"id":13,"nbr":1,"prix_unit":"1"}]', 2, '2015-07-15 01:08:35', 2),
(371, '[{"id":6,"nbr":1,"prix_unit":"0.5"},{"id":1,"nbr":1,"prix_unit":"1"},{"id":10,"nbr":1,"prix_unit":"1"}]', 2.5, '2015-07-15 01:15:14', 2),
(372, '[{"id":1,"nbr":1,"prix_unit":"1"},{"id":10,"nbr":1,"prix_unit":"1"}]', 2, '2015-07-15 01:24:00', 2),
(373, '[{"id":15,"nbr":2,"prix_unit":"0.5"},{"id":16,"nbr":2,"prix_unit":"1"}]', 3, '2015-07-15 01:24:43', 2),
(374, '[{"id":13,"nbr":1,"prix_unit":"1"}]', 1, '2015-07-15 01:32:50', 2),
(375, '[{"id":6,"nbr":2,"prix_unit":"0.5"}]', 1, '2015-07-15 01:39:52', 2),
(376, '[{"id":1,"nbr":1,"prix_unit":"1"},{"id":15,"nbr":1,"prix_unit":"0.5"},{"id":16,"nbr":1,"prix_unit":"1"}]', 2.5, '2015-07-15 01:44:10', 2),
(377, '[{"id":13,"nbr":1,"prix_unit":"1"}]', 1, '2015-07-15 14:54:09', 2),
(378, '[{"id":16,"nbr":2,"prix_unit":"1"},{"id":15,"nbr":2,"prix_unit":"0.5"}]', 3, '2015-07-15 15:16:28', 2),
(379, '[{"id":16,"nbr":2,"prix_unit":"1"}]', 2, '2015-07-15 16:20:19', 2),
(380, '[{"id":16,"nbr":2,"prix_unit":"1"},{"id":15,"nbr":2,"prix_unit":"0.5"}]', 3, '2015-07-15 16:49:48', 2),
(381, '[{"id":22,"nbr":2,"prix_unit":"-1"}]', -2, '2015-07-15 16:50:37', 2),
(382, '[{"id":16,"nbr":2,"prix_unit":"1"}]', 2, '2015-07-15 16:51:54', 2),
(383, '[{"id":16,"nbr":1,"prix_unit":"1"},{"id":15,"nbr":1,"prix_unit":"0.5"},{"id":13,"nbr":1,"prix_unit":"1"}]', 2.5, '2015-07-15 17:30:14', 2),
(384, '[{"id":10,"nbr":1,"prix_unit":"1"}]', 1, '2015-07-15 17:32:05', 2),
(385, '[{"id":10,"nbr":1,"prix_unit":"1"}]', 1, '2015-07-15 18:05:32', 2),
(386, '[{"id":22,"nbr":1,"prix_unit":"-1"}]', -1, '2015-07-15 18:54:31', 2),
(387, '[{"id":22,"nbr":2,"prix_unit":"-1"}]', -2, '2015-07-15 19:11:48', 2),
(388, '[{"id":22,"nbr":2,"prix_unit":"-1"}]', -2, '2015-07-15 19:14:54', 2),
(389, '[{"id":4,"nbr":1,"prix_unit":"1"}]', 1, '2015-07-16 14:15:39', 2),
(390, '[{"id":4,"nbr":2,"prix_unit":"1"},{"id":17,"nbr":1,"prix_unit":"1"}]', 3, '2015-07-16 14:22:26', 2),
(391, '[{"id":4,"nbr":1,"prix_unit":"1"}]', 1, '2015-07-16 14:25:54', 2),
(392, '[{"id":17,"nbr":1,"prix_unit":"1"}]', 1, '2015-07-16 14:42:17', 2),
(393, '[{"id":18,"nbr":1,"prix_unit":"1"}]', 1, '2015-07-16 15:03:53', 2),
(394, '[{"id":4,"nbr":2,"prix_unit":"1"},{"id":18,"nbr":1,"prix_unit":"1"}]', 3, '2015-07-16 15:22:36', 2),
(395, '[{"id":4,"nbr":3,"prix_unit":"1"}]', 3, '2015-07-16 15:26:32', 2),
(396, '[{"id":1,"nbr":1,"prix_unit":"1"}]', 1, '2015-07-16 15:55:53', 2),
(397, '[{"id":1,"nbr":1,"prix_unit":"1"}]', 1, '2015-07-16 16:01:50', 2),
(398, '[{"id":4,"nbr":1,"prix_unit":"1"}]', 1, '2015-07-16 16:04:11', 2),
(399, '[{"id":17,"nbr":1,"prix_unit":"1"}]', 1, '2015-07-16 16:05:07', 2),
(400, '[{"id":15,"nbr":2,"prix_unit":"0.5"},{"id":16,"nbr":2,"prix_unit":"1"}]', 3, '2015-07-16 16:10:45', 2),
(401, '[{"id":1,"nbr":1,"prix_unit":"1"}]', 1, '2015-07-16 16:12:19', 2),
(402, '[{"id":4,"nbr":1,"prix_unit":"1"}]', 1, '2015-07-16 16:18:07', 2),
(403, '[{"id":18,"nbr":1,"prix_unit":"1"},{"id":16,"nbr":1,"prix_unit":"1"}]', 2, '2015-07-16 16:20:59', 2),
(404, '[{"id":16,"nbr":1,"prix_unit":"1"},{"id":17,"nbr":1,"prix_unit":"1"}]', 2, '2015-07-16 16:21:40', 2),
(405, '[{"id":1,"nbr":2,"prix_unit":"1"}]', 2, '2015-07-16 16:22:27', 2),
(406, '[{"id":17,"nbr":2,"prix_unit":"1"}]', 2, '2015-07-16 16:23:03', 2),
(407, '[{"id":1,"nbr":1,"prix_unit":"1"}]', 1, '2015-07-16 16:23:28', 2),
(408, '[{"id":4,"nbr":1,"prix_unit":"1"},{"id":17,"nbr":1,"prix_unit":"1"}]', 2, '2015-07-16 16:33:45', 2),
(409, '[{"id":17,"nbr":1,"prix_unit":"1"},{"id":18,"nbr":1,"prix_unit":"1"},{"id":21,"nbr":1,"prix_unit":"1"}]', 3, '2015-07-16 16:40:13', 2),
(410, '[{"id":21,"nbr":1,"prix_unit":"1"}]', 1, '2015-07-16 16:41:22', 2),
(411, '[{"id":1,"nbr":1,"prix_unit":"1"},{"id":4,"nbr":1,"prix_unit":"1"}]', 2, '2015-07-16 16:42:05', 2),
(412, '[{"id":21,"nbr":1,"prix_unit":"1"}]', 1, '2015-07-16 16:42:36', 2),
(413, '[{"id":4,"nbr":1,"prix_unit":"1"}]', 1, '2015-07-16 16:55:21', 2),
(414, '[{"id":4,"nbr":1,"prix_unit":"1"}]', 1, '2015-07-16 16:56:25', 2),
(415, '[{"id":21,"nbr":1,"prix_unit":"1"}]', 1, '2015-07-16 17:03:40', 2),
(416, '[{"id":21,"nbr":1,"prix_unit":"1"}]', 1, '2015-07-16 17:06:36', 2),
(417, '[{"id":1,"nbr":2,"prix_unit":"1"}]', 2, '2015-07-16 17:23:08', 2),
(418, '[]', 0, '2015-07-16 17:24:22', 2),
(419, '[{"id":18,"nbr":1,"prix_unit":"1"}]', 1, '2015-07-16 17:36:24', 2),
(420, '[{"id":4,"nbr":1,"prix_unit":"1"}]', 1, '2015-07-16 17:36:55', 2),
(421, '[{"id":17,"nbr":1,"prix_unit":"1"}]', 1, '2015-07-16 17:40:04', 2),
(422, '[{"id":17,"nbr":2,"prix_unit":"1"},{"id":13,"nbr":1,"prix_unit":"1"},{"id":10,"nbr":1,"prix_unit":"1"}]', 4, '2015-07-16 17:59:46', 2),
(423, '[{"id":1,"nbr":1,"prix_unit":"1"}]', 1, '2015-07-16 18:04:22', 2),
(424, '[{"id":4,"nbr":1,"prix_unit":"1"}]', 1, '2015-07-16 18:04:52', 2),
(425, '[{"id":18,"nbr":1,"prix_unit":"1"}]', 1, '2015-07-16 18:06:25', 2),
(426, '[{"id":13,"nbr":1,"prix_unit":"1"}]', 1, '2015-07-16 18:09:40', 2),
(427, '[{"id":18,"nbr":1,"prix_unit":"1"}]', 1, '2015-07-16 18:36:35', 2),
(428, '[{"id":18,"nbr":1,"prix_unit":"1"}]', 1, '2015-07-16 19:05:34', 2),
(429, '[{"id":22,"nbr":2,"prix_unit":"-1"}]', -2, '2015-07-16 19:08:42', 2),
(430, '[{"id":4,"nbr":1,"prix_unit":"1"}]', 1, '2015-07-16 22:31:42', 2),
(431, '[{"id":10,"nbr":1,"prix_unit":"1"}]', 1, '2015-07-16 22:32:14', 2),
(432, '[{"id":15,"nbr":1,"prix_unit":"0.5"},{"id":16,"nbr":1,"prix_unit":"1"}]', 1.5, '2015-07-16 22:32:34', 2),
(433, '[{"id":16,"nbr":1,"prix_unit":"1"},{"id":15,"nbr":1,"prix_unit":"0.5"}]', 1.5, '2015-07-16 22:36:12', 2),
(434, '[{"id":4,"nbr":1,"prix_unit":"1"}]', 1, '2015-07-16 22:36:57', 2),
(435, '[{"id":15,"nbr":3,"prix_unit":"0.5"},{"id":16,"nbr":3,"prix_unit":"1"}]', 4.5, '2015-07-16 22:48:17', 2),
(436, '[{"id":1,"nbr":1,"prix_unit":"1"}]', 1, '2015-07-16 22:51:44', 2),
(437, '[{"id":1,"nbr":2,"prix_unit":"1"},{"id":4,"nbr":2,"prix_unit":"1"}]', 4, '2015-07-16 22:52:15', 2),
(438, '[{"id":4,"nbr":1,"prix_unit":"1"}]', 1, '2015-07-16 23:07:40', 2),
(439, '[{"id":4,"nbr":2,"prix_unit":"1"},{"id":18,"nbr":1,"prix_unit":"1"}]', 3, '2015-07-16 23:28:22', 2),
(440, '[{"id":21,"nbr":1,"prix_unit":"1"}]', 1, '2015-07-16 23:35:22', 2),
(441, '[{"id":21,"nbr":1,"prix_unit":"1"}]', 1, '2015-07-16 23:36:22', 2),
(442, '[{"id":21,"nbr":1,"prix_unit":"1"},{"id":18,"nbr":1,"prix_unit":"1"}]', 2, '2015-07-16 23:38:46', 2),
(443, '[{"id":1,"nbr":1,"prix_unit":"1"}]', 1, '2015-07-16 23:43:21', 2),
(444, '[{"id":16,"nbr":1,"prix_unit":"1"},{"id":15,"nbr":1,"prix_unit":"0.5"}]', 1.5, '2015-07-16 23:45:13', 2),
(445, '[{"id":15,"nbr":1,"prix_unit":"0.5"},{"id":16,"nbr":1,"prix_unit":"1"}]', 1.5, '2015-07-16 23:46:13', 2),
(446, '[{"id":21,"nbr":1,"prix_unit":"1"}]', 1, '2015-07-16 23:46:49', 2),
(447, '[{"id":17,"nbr":1,"prix_unit":"1"}]', 1, '2015-07-16 23:57:06', 2),
(448, '[{"id":16,"nbr":1,"prix_unit":"1"}]', 1, '2015-07-16 23:57:11', 2),
(449, '[{"id":16,"nbr":1,"prix_unit":"1"},{"id":15,"nbr":1,"prix_unit":"0.5"}]', 1.5, '2015-07-17 00:07:12', 2),
(450, '[{"id":15,"nbr":2,"prix_unit":"0.5"},{"id":16,"nbr":2,"prix_unit":"1"}]', 3, '2015-07-17 00:08:35', 2),
(451, '[{"id":1,"nbr":1,"prix_unit":"1"},{"id":17,"nbr":1,"prix_unit":"1"}]', 2, '2015-07-17 00:09:22', 2),
(452, '[{"id":16,"nbr":1,"prix_unit":"1"},{"id":15,"nbr":1,"prix_unit":"0.5"}]', 1.5, '2015-07-17 00:12:17', 2),
(453, '[{"id":17,"nbr":1,"prix_unit":"1"}]', 1, '2015-07-17 00:13:24', 2),
(454, '[{"id":17,"nbr":1,"prix_unit":"1"}]', 1, '2015-07-17 00:14:05', 2),
(455, '[{"id":1,"nbr":1,"prix_unit":"1"}]', 1, '2015-07-17 00:16:28', 2),
(456, '[{"id":17,"nbr":1,"prix_unit":"1"}]', 1, '2015-07-17 00:20:33', 2),
(457, '[{"id":1,"nbr":1,"prix_unit":"1"}]', 1, '2015-07-17 00:33:42', 2),
(458, '[{"id":1,"nbr":2,"prix_unit":"1"},{"id":13,"nbr":1,"prix_unit":"1"},{"id":21,"nbr":1,"prix_unit":"1"}]', 4, '2015-07-17 00:40:43', 2),
(459, '[{"id":21,"nbr":1,"prix_unit":"1"}]', 1, '2015-07-17 00:42:28', 2),
(460, '[{"id":18,"nbr":1,"prix_unit":"1"}]', 1, '2015-07-17 00:42:48', 2),
(461, '[{"id":16,"nbr":1,"prix_unit":"1"},{"id":15,"nbr":1,"prix_unit":"0.5"}]', 1.5, '2015-07-17 00:46:48', 2),
(462, '[{"id":13,"nbr":1,"prix_unit":"1"},{"id":16,"nbr":1,"prix_unit":"1"},{"id":15,"nbr":1,"prix_unit":"0.5"}]', 2.5, '2015-07-17 00:49:19', 2),
(463, '[{"id":16,"nbr":2,"prix_unit":"1"},{"id":15,"nbr":2,"prix_unit":"0.5"}]', 3, '2015-07-17 00:51:26', 2),
(464, '[{"id":15,"nbr":1,"prix_unit":"0.5"},{"id":16,"nbr":1,"prix_unit":"1"}]', 1.5, '2015-07-17 00:52:48', 2),
(465, '[{"id":13,"nbr":1,"prix_unit":"1"},{"id":10,"nbr":1,"prix_unit":"1"},{"id":21,"nbr":1,"prix_unit":"1"}]', 3, '2015-07-17 01:12:14', 2),
(466, '[{"id":17,"nbr":1,"prix_unit":"1"}]', 1, '2015-07-17 01:14:25', 2),
(467, '[{"id":16,"nbr":1,"prix_unit":"1"},{"id":15,"nbr":1,"prix_unit":"0.5"},{"id":1,"nbr":1,"prix_unit":"1"}]', 2.5, '2015-07-17 01:33:26', 2),
(468, '[{"id":21,"nbr":1,"prix_unit":"1"}]', 1, '2015-07-17 01:44:20', 2),
(469, '[{"id":1,"nbr":2,"prix_unit":"1"},{"id":10,"nbr":1,"prix_unit":"1"}]', 3, '2015-07-17 01:47:41', 2),
(470, '[{"id":17,"nbr":1,"prix_unit":"1"}]', 1, '2015-07-17 02:21:14', 2),
(471, '[{"id":22,"nbr":7,"prix_unit":"-1"}]', -7, '2015-07-17 02:41:44', 2),
(472, '[{"id":15,"nbr":1,"prix_unit":"0.5"},{"id":16,"nbr":1,"prix_unit":"1"}]', 1.5, '2015-07-17 14:53:44', 2),
(473, '[{"id":15,"nbr":2,"prix_unit":"0.5"},{"id":16,"nbr":2,"prix_unit":"1"}]', 3, '2015-07-17 15:04:55', 2),
(474, '[{"id":16,"nbr":1,"prix_unit":"1"},{"id":15,"nbr":1,"prix_unit":"0.5"}]', 1.5, '2015-07-17 15:07:44', 2),
(475, '[{"id":15,"nbr":1,"prix_unit":"0.5"},{"id":16,"nbr":1,"prix_unit":"1"}]', 1.5, '2015-07-17 15:22:56', 2),
(476, '[{"id":18,"nbr":1,"prix_unit":"1"}]', 1, '2015-07-17 15:33:14', 2),
(477, '[{"id":1,"nbr":2,"prix_unit":"1"}]', 2, '2015-07-17 15:54:43', 2),
(478, '[{"id":20,"nbr":1,"prix_unit":"1"},{"id":16,"nbr":1,"prix_unit":"1"},{"id":15,"nbr":1,"prix_unit":"0.5"}]', 2.5, '2015-07-17 16:08:03', 2),
(479, '[{"id":1,"nbr":1,"prix_unit":"1"}]', 1, '2015-07-17 16:09:36', 2),
(480, '[{"id":20,"nbr":2,"prix_unit":"1"}]', 2, '2015-07-17 16:13:54', 2),
(481, '[{"id":18,"nbr":1,"prix_unit":"1"}]', 1, '2015-07-17 16:20:41', 2),
(482, '[{"id":18,"nbr":1,"prix_unit":"1"}]', 1, '2015-07-17 16:44:58', 2),
(483, '[{"id":10,"nbr":1,"prix_unit":"1"}]', 1, '2015-07-17 16:56:01', 2),
(484, '[{"id":1,"nbr":1,"prix_unit":"1"}]', 1, '2015-07-17 17:02:52', 2),
(485, '[{"id":20,"nbr":2,"prix_unit":"1"},{"id":21,"nbr":1,"prix_unit":"1"}]', 3, '2015-07-17 17:16:43', 2),
(486, '[{"id":20,"nbr":1,"prix_unit":"1"}]', 1, '2015-07-17 17:25:17', 2),
(487, '[{"id":16,"nbr":1,"prix_unit":"1"}]', 1, '2015-07-17 17:29:48', 2),
(488, '[]', 0, '2015-07-17 17:29:50', 2),
(489, '[{"id":22,"nbr":1,"prix_unit":"-1"}]', -1, '2015-07-17 17:33:32', 2),
(490, '[{"id":16,"nbr":2,"prix_unit":"1"},{"id":15,"nbr":2,"prix_unit":"0.5"},{"id":1,"nbr":1,"prix_unit":"1"},{"id":21,"nbr":2,"prix_unit":"1"}]', 6, '2015-07-17 18:08:41', 2),
(491, '[{"id":18,"nbr":1,"prix_unit":"1"}]', 1, '2015-07-17 18:34:58', 2),
(492, '[{"id":18,"nbr":1,"prix_unit":"1"},{"id":23,"nbr":1,"prix_unit":"1"}]', 2, '2015-07-17 18:46:38', 2),
(493, '[{"id":23,"nbr":1,"prix_unit":"1"}]', 1, '2015-07-17 18:50:28', 2),
(494, '[{"id":1,"nbr":1,"prix_unit":"1"}]', 1, '2015-07-17 18:55:32', 2),
(495, '[{"id":22,"nbr":1,"prix_unit":"-1"}]', -1, '2015-07-17 19:07:41', 2),
(496, '[{"id":17,"nbr":1,"prix_unit":"1"}]', 1, '2015-07-17 19:08:20', 2),
(497, '[{"id":18,"nbr":1,"prix_unit":"1"}]', 1, '2015-07-17 19:08:44', 2),
(498, '[{"id":22,"nbr":1,"prix_unit":"-1"}]', -1, '2015-07-17 19:17:18', 2),
(499, '[{"id":20,"nbr":2,"prix_unit":"1"}]', 2, '2015-07-17 19:24:13', 2),
(500, '[{"id":13,"nbr":1,"prix_unit":"1"},{"id":21,"nbr":1,"prix_unit":"1"},{"id":10,"nbr":1,"prix_unit":"1"},{"id":4,"nbr":1,"prix_unit":"1"},{"id":18,"nbr":1,"prix_unit":"1"}]', 5, '2015-07-17 21:05:37', 2),
(501, '[{"id":10,"nbr":2,"prix_unit":"1"}]', 2, '2015-07-17 21:07:09', 2),
(502, '[{"id":23,"nbr":1,"prix_unit":"1"}]', 1, '2015-07-17 21:23:06', 2),
(503, '[{"id":4,"nbr":1,"prix_unit":"1"}]', 1, '2015-07-17 21:27:47', 2),
(504, '[{"id":23,"nbr":1,"prix_unit":"1"},{"id":10,"nbr":1,"prix_unit":"1"},{"id":21,"nbr":1,"prix_unit":"1"}]', 3, '2015-07-17 21:37:10', 2),
(505, '[{"id":4,"nbr":1,"prix_unit":"1"}]', 1, '2015-07-17 21:59:24', 5),
(506, '[{"id":18,"nbr":1,"prix_unit":"1"},{"id":16,"nbr":1,"prix_unit":"1"},{"id":15,"nbr":1,"prix_unit":"0.5"}]', 2.5, '2015-07-17 22:09:25', 5),
(507, '[{"id":15,"nbr":1,"prix_unit":"0.5"},{"id":16,"nbr":1,"prix_unit":"1"}]', 1.5, '2015-07-17 22:16:53', 5),
(508, '[{"id":16,"nbr":1,"prix_unit":"1"},{"id":15,"nbr":1,"prix_unit":"0.5"}]', 1.5, '2015-07-17 22:20:24', 5),
(509, '[{"id":15,"nbr":2,"prix_unit":"0.5"},{"id":16,"nbr":2,"prix_unit":"1"}]', 3, '2015-07-17 22:29:08', 5),
(510, '[{"id":16,"nbr":2,"prix_unit":"1"},{"id":15,"nbr":2,"prix_unit":"0.5"},{"id":21,"nbr":1,"prix_unit":"1"}]', 4, '2015-07-17 22:37:40', 5),
(511, '[{"id":18,"nbr":1,"prix_unit":"1"}]', 1, '2015-07-17 22:56:27', 5),
(512, '[{"id":13,"nbr":2,"prix_unit":"1"}]', 2, '2015-07-17 23:27:24', 5),
(513, '[{"id":20,"nbr":1,"prix_unit":"1"}]', 1, '2015-07-17 23:38:17', 5),
(514, '[{"id":21,"nbr":1,"prix_unit":"1"},{"id":23,"nbr":1,"prix_unit":"1"}]', 2, '2015-07-17 23:41:13', 5),
(515, '[{"id":13,"nbr":2,"prix_unit":"1"}]', 2, '2015-07-17 23:55:22', 5),
(516, '[{"id":1,"nbr":1,"prix_unit":"1"}]', 1, '2015-07-18 00:00:02', 5),
(517, '[{"id":18,"nbr":1,"prix_unit":"1"},{"id":13,"nbr":1,"prix_unit":"1"}]', 2, '2015-07-18 00:08:25', 5),
(518, '[{"id":13,"nbr":1,"prix_unit":"1"}]', 1, '2015-07-18 00:09:05', 5),
(519, '[{"id":15,"nbr":2,"prix_unit":"0.5"},{"id":16,"nbr":2,"prix_unit":"1"}]', 3, '2015-07-18 00:16:51', 5),
(520, '[{"id":23,"nbr":1,"prix_unit":"1"}]', 1, '2015-07-18 00:17:40', 5),
(521, '[{"id":20,"nbr":1,"prix_unit":"1"}]', 1, '2015-07-18 00:18:52', 5),
(522, '[{"id":4,"nbr":1,"prix_unit":"1"},{"id":13,"nbr":1,"prix_unit":"1"}]', 2, '2015-07-18 00:37:11', 5),
(523, '[{"id":10,"nbr":1,"prix_unit":"1"}]', 1, '2015-07-18 00:40:59', 5),
(524, '[{"id":13,"nbr":1,"prix_unit":"1"}]', 1, '2015-07-18 00:46:15', 5),
(525, '[{"id":23,"nbr":1,"prix_unit":"1"}]', 1, '2015-07-18 00:50:43', 5),
(526, '[{"id":17,"nbr":1,"prix_unit":"1"},{"id":10,"nbr":1,"prix_unit":"1"},{"id":13,"nbr":1,"prix_unit":"1"}]', 3, '2015-07-18 00:53:46', 5),
(527, '[{"id":20,"nbr":2,"prix_unit":"1"},{"id":1,"nbr":1,"prix_unit":"1"},{"id":4,"nbr":1,"prix_unit":"1"},{"id":5,"nbr":1,"prix_unit":"1"},{"id":17,"nbr":1,"prix_unit":"1"},{"id":16,"nbr":1,"prix_unit":"1"},{"id":15,"nbr":1,"prix_unit":"0.5"}]', 7.5, '2015-07-18 01:08:16', 5),
(528, '[{"id":17,"nbr":1,"prix_unit":"1"}]', 1, '2015-07-18 01:12:48', 5),
(529, '[{"id":22,"nbr":2,"prix_unit":"-1"}]', -2, '2015-07-18 01:14:26', 5),
(530, '[{"id":4,"nbr":1,"prix_unit":"1"},{"id":10,"nbr":1,"prix_unit":"1"}]', 2, '2015-07-18 01:16:35', 5),
(531, '[{"id":10,"nbr":1,"prix_unit":"1"}]', 1, '2015-07-18 02:26:59', 5),
(532, '[{"id":10,"nbr":2,"prix_unit":"1"},{"id":23,"nbr":1,"prix_unit":"1"},{"id":1,"nbr":2,"prix_unit":"1"}]', 5, '2015-07-18 02:28:21', 5),
(533, '[{"id":17,"nbr":1,"prix_unit":"1"},{"id":5,"nbr":1,"prix_unit":"1"},{"id":10,"nbr":2,"prix_unit":"1"},{"id":13,"nbr":1,"prix_unit":"1"}]', 5, '2015-07-18 02:29:52', 5),
(534, '[{"id":23,"nbr":1,"prix_unit":"1"}]', 1, '2015-07-18 02:33:19', 5),
(535, '[{"id":23,"nbr":1,"prix_unit":"1"}]', 1, '2015-07-18 02:35:39', 5),
(536, '[{"id":13,"nbr":1,"prix_unit":"1"}]', 1, '2015-07-18 02:43:52', 5),
(537, '[{"id":22,"nbr":1,"prix_unit":"-1"}]', -1, '2015-07-18 02:57:05', 5),
(538, '[{"id":10,"nbr":1,"prix_unit":"1"}]', 1, '2015-07-18 03:20:07', 5),
(539, '[{"id":16,"nbr":1,"prix_unit":"1"},{"id":15,"nbr":1,"prix_unit":"0.5"}]', 1.5, '2015-07-18 14:16:40', 5),
(540, '[{"id":5,"nbr":1,"prix_unit":"1"}]', 1, '2015-07-18 15:18:59', 5),
(541, '[{"id":4,"nbr":1,"prix_unit":"1"}]', 1, '2015-07-18 15:24:09', 5),
(542, '[{"id":4,"nbr":1,"prix_unit":"1"}]', 1, '2015-07-18 15:24:46', 5),
(543, '[{"id":17,"nbr":1,"prix_unit":"1"}]', 1, '2015-07-18 15:25:29', 5),
(544, '[{"id":13,"nbr":1,"prix_unit":"1"}]', 1, '2015-07-18 15:26:16', 5),
(545, '[{"id":15,"nbr":1,"prix_unit":"0.5"},{"id":16,"nbr":1,"prix_unit":"1"}]', 1.5, '2015-07-18 15:26:42', 5),
(546, '[{"id":16,"nbr":1,"prix_unit":"1"},{"id":15,"nbr":1,"prix_unit":"0.5"},{"id":23,"nbr":1,"prix_unit":"1"},{"id":10,"nbr":1,"prix_unit":"1"}]', 3.5, '2015-07-18 15:27:31', 5),
(547, '[{"id":13,"nbr":1,"prix_unit":"1"},{"id":1,"nbr":1,"prix_unit":"1"}]', 2, '2015-07-18 15:34:24', 5),
(548, '[{"id":17,"nbr":1,"prix_unit":"1"}]', 1, '2015-07-18 15:37:18', 5),
(549, '[{"id":5,"nbr":1,"prix_unit":"1"}]', 1, '2015-07-18 15:37:21', 5),
(550, '[{"id":5,"nbr":1,"prix_unit":"1"}]', 1, '2015-07-18 15:44:12', 5),
(551, '[{"id":17,"nbr":1,"prix_unit":"1"}]', 1, '2015-07-18 15:46:23', 5),
(552, '[{"id":10,"nbr":1,"prix_unit":"1"},{"id":13,"nbr":1,"prix_unit":"1"}]', 2, '2015-07-18 15:51:07', 5),
(553, '[{"id":23,"nbr":1,"prix_unit":"1"},{"id":13,"nbr":1,"prix_unit":"1"}]', 2, '2015-07-18 15:52:02', 5),
(554, '[{"id":5,"nbr":1,"prix_unit":"1"},{"id":17,"nbr":1,"prix_unit":"1"},{"id":4,"nbr":1,"prix_unit":"1"},{"id":1,"nbr":2,"prix_unit":"1"}]', 5, '2015-07-18 15:54:54', 5),
(555, '[{"id":4,"nbr":3,"prix_unit":"1"},{"id":17,"nbr":1,"prix_unit":"1"}]', 4, '2015-07-18 16:15:29', 5),
(556, '[{"id":13,"nbr":1,"prix_unit":"1"}]', 1, '2015-07-18 16:36:01', 5),
(557, '[{"id":4,"nbr":1,"prix_unit":"1"}]', 1, '2015-07-18 16:41:13', 5),
(558, '[{"id":4,"nbr":1,"prix_unit":"1"}]', 1, '2015-07-18 16:42:36', 5),
(559, '[{"id":1,"nbr":1,"prix_unit":"1"},{"id":4,"nbr":1,"prix_unit":"1"}]', 2, '2015-07-18 16:57:19', 5),
(560, '[{"id":4,"nbr":1,"prix_unit":"1"},{"id":17,"nbr":1,"prix_unit":"1"}]', 2, '2015-07-18 17:09:29', 5),
(561, '[{"id":17,"nbr":1,"prix_unit":"1"}]', 1, '2015-07-18 17:14:47', 5),
(562, '[{"id":4,"nbr":2,"prix_unit":"1"},{"id":1,"nbr":1,"prix_unit":"1"}]', 3, '2015-07-18 17:17:06', 5),
(563, '[{"id":1,"nbr":1,"prix_unit":"1"},{"id":15,"nbr":1,"prix_unit":"0.5"},{"id":16,"nbr":1,"prix_unit":"1"}]', 2.5, '2015-07-18 17:31:00', 5),
(564, '[{"id":23,"nbr":1,"prix_unit":"1"}]', 1, '2015-07-18 17:46:56', 5),
(565, '[{"id":1,"nbr":2,"prix_unit":"1"}]', 2, '2015-07-18 17:50:06', 5),
(566, '[{"id":13,"nbr":1,"prix_unit":"1"}]', 1, '2015-07-18 18:00:02', 5),
(567, '[{"id":1,"nbr":1,"prix_unit":"1"}]', 1, '2015-07-18 18:05:19', 5),
(568, '[{"id":4,"nbr":1,"prix_unit":"1"}]', 1, '2015-07-18 18:25:27', 5),
(569, '[{"id":4,"nbr":1,"prix_unit":"1"},{"id":23,"nbr":1,"prix_unit":"1"}]', 2, '2015-07-18 18:30:28', 5),
(570, '[{"id":21,"nbr":1,"prix_unit":"1"}]', 1, '2015-07-18 18:30:43', 5),
(571, '[{"id":10,"nbr":1,"prix_unit":"1"},{"id":23,"nbr":1,"prix_unit":"1"},{"id":5,"nbr":2,"prix_unit":"1"}]', 4, '2015-07-18 18:32:19', 5),
(572, '[{"id":16,"nbr":2,"prix_unit":"1"},{"id":15,"nbr":2,"prix_unit":"0.5"}]', 3, '2015-07-18 19:00:22', 5),
(573, '[{"id":22,"nbr":2,"prix_unit":"-1"}]', -2, '2015-07-18 19:32:02', 5),
(574, '[{"id":21,"nbr":1,"prix_unit":"1"}]', 1, '2015-07-18 21:06:58', 5),
(575, '[{"id":5,"nbr":1,"prix_unit":"1"}]', 1, '2015-07-18 21:23:30', 5),
(576, '[{"id":5,"nbr":1,"prix_unit":"1"}]', 1, '2015-07-18 21:24:46', 5),
(577, '[{"id":13,"nbr":1,"prix_unit":"1"}]', 1, '2015-07-18 21:25:10', 5),
(578, '[{"id":10,"nbr":2,"prix_unit":"1"}]', 2, '2015-07-18 21:55:19', 5),
(579, '[{"id":20,"nbr":1,"prix_unit":"1"}]', 1, '2015-07-18 22:01:57', 5),
(580, '[{"id":13,"nbr":1,"prix_unit":"1"}]', 1, '2015-07-18 22:17:09', 5),
(581, '[{"id":4,"nbr":1,"prix_unit":"1"}]', 1, '2015-07-18 22:24:20', 5),
(582, '[{"id":20,"nbr":1,"prix_unit":"1"}]', 1, '2015-07-18 22:29:07', 5),
(583, '[{"id":17,"nbr":1,"prix_unit":"1"}]', 1, '2015-07-18 22:38:49', 5),
(584, '[{"id":4,"nbr":1,"prix_unit":"1"}]', 1, '2015-07-18 22:48:06', 5),
(585, '[{"id":16,"nbr":2,"prix_unit":"1"}]', 2, '2015-07-18 22:49:07', 5),
(586, '[{"id":17,"nbr":2,"prix_unit":"1"},{"id":5,"nbr":1,"prix_unit":"1"}]', 3, '2015-07-18 23:01:02', 5),
(587, '[{"id":5,"nbr":1,"prix_unit":"1"}]', 1, '2015-07-18 23:04:37', 5),
(588, '[{"id":4,"nbr":1,"prix_unit":"1"}]', 1, '2015-07-18 23:04:45', 5);
INSERT INTO `ticket` (`id`, `list`, `prix_total`, `date`, `id_user`) VALUES
(589, '[{"id":4,"nbr":1,"prix_unit":"1"},{"id":1,"nbr":1,"prix_unit":"1"}]', 2, '2015-07-18 23:05:25', 5),
(590, '[{"id":16,"nbr":1,"prix_unit":"1"},{"id":15,"nbr":1,"prix_unit":"0.5"}]', 1.5, '2015-07-18 23:06:12', 5),
(591, '[{"id":20,"nbr":1,"prix_unit":"1"}]', 1, '2015-07-18 23:10:55', 5),
(592, '[{"id":1,"nbr":1,"prix_unit":"1"},{"id":4,"nbr":1,"prix_unit":"1"}]', 2, '2015-07-18 23:40:22', 5),
(593, '[{"id":17,"nbr":1,"prix_unit":"1"},{"id":4,"nbr":1,"prix_unit":"1"}]', 2, '2015-07-18 23:42:23', 5),
(594, '[{"id":17,"nbr":1,"prix_unit":"1"}]', 1, '2015-07-18 23:46:39', 5),
(595, '[{"id":1,"nbr":1,"prix_unit":"1"},{"id":4,"nbr":1,"prix_unit":"1"}]', 2, '2015-07-18 23:51:10', 5),
(596, '[{"id":17,"nbr":1,"prix_unit":"1"},{"id":4,"nbr":1,"prix_unit":"1"},{"id":20,"nbr":1,"prix_unit":"1"}]', 3, '2015-07-18 23:58:09', 5),
(597, '[{"id":4,"nbr":1,"prix_unit":"1"}]', 1, '2015-07-19 00:21:40', 5),
(598, '[{"id":10,"nbr":1,"prix_unit":"1"}]', 1, '2015-07-19 00:22:13', 5),
(599, '[{"id":22,"nbr":1,"prix_unit":"-1"}]', -1, '2015-07-19 00:26:10', 5),
(600, '[{"id":10,"nbr":1,"prix_unit":"1"}]', 1, '2015-07-19 00:48:09', 5),
(601, '[{"id":4,"nbr":1,"prix_unit":"1"}]', 1, '2015-07-19 00:49:05', 5),
(602, '[{"id":1,"nbr":1,"prix_unit":"1"},{"id":20,"nbr":1,"prix_unit":"1"}]', 2, '2015-07-19 00:50:32', 5),
(603, '[{"id":20,"nbr":1,"prix_unit":"1"}]', 1, '2015-07-19 00:53:43', 5),
(604, '[{"id":16,"nbr":1,"prix_unit":"1"},{"id":15,"nbr":1,"prix_unit":"0.5"}]', 1.5, '2015-07-19 01:00:18', 5),
(605, '[{"id":10,"nbr":1,"prix_unit":"1"},{"id":20,"nbr":1,"prix_unit":"1"}]', 2, '2015-07-19 01:16:05', 5),
(606, '[{"id":21,"nbr":1,"prix_unit":"1"},{"id":23,"nbr":1,"prix_unit":"1"}]', 2, '2015-07-19 01:24:29', 5),
(607, '[{"id":10,"nbr":1,"prix_unit":"1"}]', 1, '2015-07-19 01:27:49', 5),
(608, '[{"id":10,"nbr":2,"prix_unit":"1"}]', 2, '2015-07-19 01:30:43', 5),
(609, '[{"id":21,"nbr":1,"prix_unit":"1"},{"id":1,"nbr":1,"prix_unit":"1"},{"id":20,"nbr":1,"prix_unit":"1"}]', 3, '2015-07-19 01:56:55', 5),
(610, '[{"id":21,"nbr":1,"prix_unit":"1"}]', 1, '2015-07-19 02:22:51', 5),
(611, '[{"id":20,"nbr":1,"prix_unit":"1"}]', 1, '2015-07-19 03:27:31', 5);

-- --------------------------------------------------------

--
-- Structure de la table `user`
--

CREATE TABLE IF NOT EXISTS `user` (
  `id` int(11) NOT NULL AUTO_INCREMENT,
  `pseudo` varchar(255) NOT NULL,
  `pass` varchar(255) NOT NULL,
  `admin` tinyint(1) NOT NULL DEFAULT '0',
  PRIMARY KEY (`id`)
) ENGINE=InnoDB  DEFAULT CHARSET=utf8 AUTO_INCREMENT=6 ;

--
-- Contenu de la table `user`
--

INSERT INTO `user` (`id`, `pseudo`, `pass`, `admin`) VALUES
(1, 'Pyrate', '60ca972e501e0a2cd9e97e7744c99917018c1722fa6307febbda17bf11366771eab5e92141f04b4647321fdb98b97ebd1593d9742f9c036114dc64547a11eb79', 1),
(2, 'Simon', 'c4453ba8b761cced2b61b5e9081c2b1d27c96b5555fe6453211e4d2a5bfcd8cd32d94a7f831768d8671a98f7cd962e37fc680cbffe25e08d121fc95fca645a8e', 1),
(3, 'Viking', '57afa82fdf526444a6d45f28ff8c55de41df75274c95555f088bf574be5c5d4225f2be521213f017af9bc8bd617c782147892eb6c8b8114d02b1f208e9c2fa79', 0),
(4, 'Brice', 'ba6c064dfdb1b7b4938bf82585a8332c89270303b6d75007f0b25feffe33b90bd34d3732acf4be708c85708c39ff6c28b87235663238b8fbfe2c4439258cc883', 0),
(5, 'Violette', 'fe2bd3bed44e7252f0d2e5e9268dc0266c5142bf4ea2970a7e85ac8e6420b5f0873dae518ae3fe8e5d832690a98cc6ddefca6a788a5b35c4044c04291dc128b6', 1);

/*!40101 SET CHARACTER_SET_CLIENT=@OLD_CHARACTER_SET_CLIENT */;
/*!40101 SET CHARACTER_SET_RESULTS=@OLD_CHARACTER_SET_RESULTS */;
/*!40101 SET COLLATION_CONNECTION=@OLD_COLLATION_CONNECTION */;
