-- phpMyAdmin SQL Dump
-- version 4.1.14
-- http://www.phpmyadmin.net
--
-- Client :  127.0.0.1
-- Généré le :  Dim 19 Juillet 2015 à 16:34
-- Version du serveur :  5.6.17
-- Version de PHP :  5.5.12

SET SQL_MODE = "NO_AUTO_VALUE_ON_ZERO";
SET time_zone = "+00:00";


/*!40101 SET @OLD_CHARACTER_SET_CLIENT=@@CHARACTER_SET_CLIENT */;
/*!40101 SET @OLD_CHARACTER_SET_RESULTS=@@CHARACTER_SET_RESULTS */;
/*!40101 SET @OLD_COLLATION_CONNECTION=@@COLLATION_CONNECTION */;
/*!40101 SET NAMES utf8 */;

--
-- Base de données :  `serveur`
--

-- --------------------------------------------------------

--
-- Structure de la table `caisse`
--

CREATE TABLE IF NOT EXISTS `caisse` (
  `id` int(11) NOT NULL AUTO_INCREMENT,
  `fond` float NOT NULL,
  `date` date NOT NULL,
  PRIMARY KEY (`id`)
) ENGINE=InnoDB  DEFAULT CHARSET=latin1 AUTO_INCREMENT=14 ;

--
-- Contenu de la table `caisse`
--

INSERT INTO `caisse` (`id`, `fond`, `date`) VALUES
(2, 155.12, '2015-07-08'),
(3, 217.12, '2015-07-09'),
(4, 283.12, '2015-07-10'),
(5, 359.12, '2015-07-11'),
(6, 307.4, '2015-07-12'),
(7, 521.9, '2015-07-13'),
(8, 154.9, '2015-07-14'),
(9, 320.9, '2015-07-15'),
(10, 166.4, '2015-07-16'),
(11, 147, '2015-07-17'),
(12, 164, '2015-07-18'),
(13, 327, '2015-07-19');

-- --------------------------------------------------------

--
-- Structure de la table `categorie`
--

CREATE TABLE IF NOT EXISTS `categorie` (
  `id` int(11) NOT NULL AUTO_INCREMENT,
  `name` varchar(255) NOT NULL,
  `img` varchar(255) NOT NULL,
  PRIMARY KEY (`id`)
) ENGINE=InnoDB  DEFAULT CHARSET=utf8 AUTO_INCREMENT=8 ;

--
-- Contenu de la table `categorie`
--

INSERT INTO `categorie` (`id`, `name`, `img`) VALUES
(1, 'Boisson', 'img/Cat/Boissons.png'),
(2, 'Alcool', 'img/Cat/Alcool.png'),
(3, 'Snack', 'img/Cat/Mangé.png'),
(4, 'Barre Chocolatée', 'img/Cat/BarresChoco.png'),
(5, 'Glace', 'img/Cat/Glaces.png'),
(6, 'Boisson Chaude', 'img/Cat/Chaud.png'),
(7, 'Divers', 'img/Cat/Objets.png');

-- --------------------------------------------------------

--
-- Structure de la table `comment`
--

CREATE TABLE IF NOT EXISTS `comment` (
  `id` int(11) NOT NULL AUTO_INCREMENT,
  `comment` text NOT NULL,
  `date` datetime NOT NULL DEFAULT CURRENT_TIMESTAMP,
  `who` varchar(255) NOT NULL,
  PRIMARY KEY (`id`)
) ENGINE=InnoDB  DEFAULT CHARSET=latin1 AUTO_INCREMENT=6 ;

--
-- Contenu de la table `comment`
--

INSERT INTO `comment` (`id`, `comment`, `date`, `who`) VALUES
(1, 'remboursement gobelet + code barre ordaliens', '2015-07-09 15:05:58', 'Pyrate'),
(2, 'et les femmes nues !?', '2015-07-09 17:03:42', 'Pyrate'),
(3, 'Il faut faire des achievements de vente par comptes :P !!!!!', '2015-07-10 00:18:48', 'Viking'),
(4, 'pyrate suck''s !!\r\n', '2015-07-10 12:05:56', 'Simon'),
(5, 'j ai un sgeg de poulet', '2015-07-10 21:56:09', 'Pyrate');

-- --------------------------------------------------------

--
-- Structure de la table `prix`
--

CREATE TABLE IF NOT EXISTS `prix` (
  `id` int(11) NOT NULL AUTO_INCREMENT,
  `prix` float NOT NULL,
  PRIMARY KEY (`id`)
) ENGINE=InnoDB  DEFAULT CHARSET=utf8 AUTO_INCREMENT=9 ;

--
-- Contenu de la table `prix`
--

INSERT INTO `prix` (`id`, `prix`) VALUES
(1, 0.5),
(2, 1),
(3, 1.5),
(8, -1);

-- --------------------------------------------------------

--
-- Structure de la table `produits`
--

CREATE TABLE IF NOT EXISTS `produits` (
  `id` int(11) NOT NULL AUTO_INCREMENT,
  `name` varchar(255) NOT NULL,
  `img` varchar(255) NOT NULL,
  `prix_achat` float NOT NULL,
  `nbr` int(11) NOT NULL,
  `id_categorie` int(11) NOT NULL,
  `scancode` varchar(255) NOT NULL,
  `nbr_limit` int(11) DEFAULT NULL,
  `id_prix` int(11) DEFAULT NULL,
  `total_stock` int(11) NOT NULL,
  PRIMARY KEY (`id`)
) ENGINE=InnoDB  DEFAULT CHARSET=utf8 AUTO_INCREMENT=28 ;

--
-- Contenu de la table `produits`
--

INSERT INTO `produits` (`id`, `name`, `img`, `prix_achat`, `nbr`, `id_categorie`, `scancode`, `nbr_limit`, `id_prix`, `total_stock`) VALUES
(1, 'Coca-Cola', 'img/Item/F12.png', 0.48, 19, 1, 'Coca-Cola', 15, 2, 62),
(2, 'Perrier', 'img/Item/F1.png', 0.35, 2, 1, 'Perrier', 0, 1, 10),
(3, 'Nestea', 'img/Item/unknow.png', 0.44, 0, 1, 'Nestea', 0, 2, 12),
(4, 'Orangina 25cl', 'img/Item/F10.png', 0.52, 9, 1, 'Orangina', 0, 2, 37),
(5, 'Oasis Tropical Zero', 'img/Item/F9.png', 0.55, 0, 1, 'Oasis 0', 0, 2, 0),
(6, 'Panach''', 'img/Item/F3.png', 0.3, 9, 1, 'Panach''', 15, 1, 24),
(7, 'Leffe Blonde', 'img/Item/A2.png', 0.56, 22, 2, 'Leffe Blonde', 24, 3, 61),
(8, 'Crêpe', 'img/Item/M2.png', 0.1, 113, 3, 'Crepes', 30, 2, 189),
(9, 'Croque-Monsieur', 'img/Item/M1.png', 0.42, 0, 3, 'Croques-Monsieur', 0, 1, 0),
(10, 'Twix', 'img/Item/G1.png', 0.3, 27, 4, 'Twix', 7, 2, 83),
(11, 'Lion', 'img/Item/B7.png', 0.32, 17, 4, 'Lion', 5, 2, 46),
(12, 'Sundy', 'img/Item/B1.png', 0.35, 0, 4, 'Sundy', 0, 2, 30),
(13, 'Kit-Kat', 'img/Item/B9.png', 0.34, 23, 4, 'KitKat', 15, 2, 50),
(14, 'Bounty', 'img/Item/B6.png', 0.37, 0, 4, 'Bounty', 0, 2, 10),
(15, 'Forfait The / Cafe', 'img/Item/C1.png', 0.5, 4889, 6, 'Cafe/The', 0, 1, 4981),
(16, 'Ecocup', 'img/Item/O1.png', 1, 383, 7, 'Ecocup', 0, 2, 486),
(17, 'Schweppes Agrum''', 'img/Item/F8.png', 0.47, 11, 1, 'Schweppes Agrume', 10, 2, 107),
(18, 'Oasis Tropical', 'img/Item/F9.png', 0.47, 1, 1, 'Oasis', 0, 2, 31),
(19, 'Ice Tea', 'img/Item/F4.png', 0.52, 0, 1, 'Ice-tea', 10, 2, 38),
(20, '7 Up Mojito', 'img/Item/F5.png', 0.42, 15, 1, '7up Mojito', 6, 2, 80),
(21, 'Kinder Bueno', 'img/Item/B8.png', 0.53, 15, 4, 'Kinder Bueno', 5, 2, 88),
(22, 'Glace Mars', 'img/Item/B4.png', 0.39, 0, 5, 'Mars glace', 10, 2, 48),
(23, 'Glace Twix', 'img/Item/B10.png', 0.25, 12, 5, 'Twix glace', 10, 2, 30),
(24, 'Remboursement', 'img/Item/O2.png', 0, 480, 7, 'Remboursement', 0, 8, 499),
(25, 'Leffe RUBY ', 'img/Item/A1.png', 0.72, 23, 2, 'Leffe Ruby', 5, 3, 62),
(26, 'Nestea', 'img/Item/F14.png', 0.5, 0, 1, 'Nestea', 0, 2, 4),
(27, 'Bueno White', 'img/Item/B11.png', 0.57, 0, 4, '', 0, 2, 30);

-- --------------------------------------------------------

--
-- Structure de la table `refeel`
--

CREATE TABLE IF NOT EXISTS `refeel` (
  `id` int(11) NOT NULL AUTO_INCREMENT,
  `stock` text NOT NULL,
  `place` varchar(255) NOT NULL,
  `date` datetime NOT NULL DEFAULT CURRENT_TIMESTAMP,
  PRIMARY KEY (`id`)
) ENGINE=InnoDB  DEFAULT CHARSET=utf8 AUTO_INCREMENT=29 ;

--
-- Contenu de la table `refeel`
--

INSERT INTO `refeel` (`id`, `stock`, `place`, `date`) VALUES
(1, '{"1":"50","4":"","6":"15"}', 'College', '2015-07-09 15:24:30'),
(2, '{"4":"18","10":"20","13":"25","17":"10","21":"10"}', 'College', '2015-07-09 15:26:24'),
(3, '{"21":"10"}', 'College', '2015-07-10 14:12:11'),
(4, '{"6":"10","12":"10","13":"10","17":"20","21":"20"}', 'College', '2015-07-10 21:05:39'),
(5, '{"1":"30","4":"5","6":"15","7":"10","10":"20","13":"20","17":"15","18":"20","21":"20","25":"10","26":"15"}', 'College', '2015-07-10 21:24:31'),
(6, '{"14":"10","26":"15"}', 'College', '2015-07-11 12:07:49'),
(7, '{"1":"30","4":"15","12":"10","18":"10","19":"15"}', 'College', '2015-07-12 13:38:15'),
(8, '{"4":"8"}', 'Gymnase', '2015-07-12 13:38:25'),
(9, '{"1":"15","6":"15","10":"10","13":"10","17":"12","18":"12","21":"10"}', 'College', '2015-07-13 21:00:37'),
(10, '{"18":"12"}', 'College', '2015-07-13 21:55:39'),
(11, '{"1":"15","17":"6","18":"6"}', 'College', '2015-07-15 01:06:47'),
(12, '{"1":"15","4":"12","10":"10","11":"11","17":"6"}', 'College', '2015-07-16 13:41:00'),
(13, '{"1":"30","4":"12","17":"6","18":"12","21":"10"}', 'Gymnase', '2015-07-16 13:41:32'),
(14, '{"4":"12"}', 'College', '2015-07-16 15:32:39'),
(15, '{"17":"6"}', 'College', '2015-07-16 16:26:31'),
(16, '{"17":"6"}', 'College', '2015-07-16 17:42:27'),
(17, '{"18":"6","21":"10"}', 'College', '2015-07-16 21:18:54'),
(18, '{"1":"15","20":"12"}', 'College', '2015-07-17 13:34:07'),
(19, '{"18":""}', 'College', '2015-07-17 13:34:29'),
(20, '{"18":"6"}', 'College', '2015-07-17 13:34:35'),
(21, '{"10":"10","20":"12"}', 'College', '2015-07-17 14:22:12'),
(22, '{"4":"12","10":"10","13":"10","17":"12","27":"10"}', 'College', '2015-07-17 18:16:48'),
(23, '{"4":"6","18":"6"}', 'College', '2015-07-18 00:25:06'),
(24, '{"27":"6"}', 'College', '2015-07-18 00:27:50'),
(25, '{"6":"10"}', 'Gymnase', '2015-07-18 13:49:22'),
(26, '{"13":"10"}', 'College', '2015-07-18 15:32:36'),
(27, '{"1":"15"}', 'Gymnase', '2015-07-18 15:45:22'),
(28, '{"4":"12","5":"6","10":"10","17":"6","20":"12","21":"16","23":""}', 'College', '2015-07-18 17:58:10');

-- --------------------------------------------------------

--
-- Structure de la table `ticket`
--

CREATE TABLE IF NOT EXISTS `ticket` (
  `id` int(11) NOT NULL AUTO_INCREMENT,
  `list` text NOT NULL,
  `prix_total` float NOT NULL,
  `date` datetime NOT NULL,
  `id_user` int(11) NOT NULL,
  PRIMARY KEY (`id`)
) ENGINE=InnoDB  DEFAULT CHARSET=utf8 AUTO_INCREMENT=823 ;

--
-- Contenu de la table `ticket`
--

INSERT INTO `ticket` (`id`, `list`, `prix_total`, `date`, `id_user`) VALUES
(2, '[{"id":13,"nbr":1,"prix_unit":"1"}]', 1, '2015-07-08 13:03:20', 1),
(4, '[{"id":4,"nbr":2,"prix_unit":"1"}]', 2, '2015-07-08 14:18:02', 1),
(5, '[{"id":1,"nbr":1,"prix_unit":"1"},{"id":26,"nbr":1,"prix_unit":"1"},{"id":10,"nbr":1,"prix_unit":"1"}]', 3, '2015-07-08 15:17:56', 1),
(6, '[{"id":15,"nbr":3,"prix_unit":"0.5"}]', 1.5, '2015-07-08 15:29:18', 1),
(7, '[{"id":15,"nbr":1,"prix_unit":"0.5"}]', 0.5, '2015-07-08 15:31:38', 1),
(9, '[{"id":1,"nbr":1,"prix_unit":"1"},{"id":7,"nbr":1,"prix_unit":"1.5"}]', 2.5, '2015-07-08 15:50:23', 2),
(10, '[{"id":1,"nbr":1,"prix_unit":"1"},{"id":12,"nbr":1,"prix_unit":"1"}]', 2, '2015-07-08 16:00:23', 2),
(11, '[{"id":13,"nbr":1,"prix_unit":"1"}]', 1, '2015-07-08 16:20:20', 2),
(12, '[{"id":26,"nbr":1,"prix_unit":"1"}]', 1, '2015-07-08 16:27:36', 2),
(13, '[{"id":10,"nbr":1,"prix_unit":"1"},{"id":5,"nbr":1,"prix_unit":"1"}]', 2, '2015-07-08 16:44:55', 2),
(14, '[{"id":14,"nbr":1,"prix_unit":"1"}]', 1, '2015-07-08 16:58:20', 2),
(15, '[{"id":12,"nbr":1,"prix_unit":"1"},{"id":15,"nbr":1,"prix_unit":"0.5"}]', 1.5, '2015-07-08 17:20:29', 2),
(16, '[{"id":7,"nbr":1,"prix_unit":"1.5"}]', 1.5, '2015-07-08 17:40:30', 2),
(17, '[{"id":10,"nbr":1,"prix_unit":"1"},{"id":5,"nbr":1,"prix_unit":"1"}]', 2, '2015-07-08 17:49:52', 2),
(18, '[{"id":16,"nbr":1,"prix_unit":"1"},{"id":15,"nbr":1,"prix_unit":"0.5"}]', 1.5, '2015-07-08 17:50:26', 2),
(19, '[{"id":1,"nbr":1,"prix_unit":"1"}]', 1, '2015-07-08 17:50:55', 2),
(20, '[{"id":10,"nbr":1,"prix_unit":"1"}]', 1, '2015-07-08 17:51:49', 2),
(21, '[{"id":6,"nbr":2,"prix_unit":"0.5"}]', 1, '2015-07-08 17:58:14', 2),
(22, '[{"id":10,"nbr":1,"prix_unit":"1"}]', 1, '2015-07-08 18:05:03', 2),
(23, '[{"id":1,"nbr":1,"prix_unit":"1"},{"id":11,"nbr":1,"prix_unit":"1"}]', 2, '2015-07-08 18:47:30', 2),
(24, '[{"id":12,"nbr":2,"prix_unit":"1"}]', 2, '2015-07-08 20:36:52', 2),
(25, '[{"id":7,"nbr":1,"prix_unit":"1.5"}]', 1.5, '2015-07-08 21:10:28', 2),
(26, '[{"id":7,"nbr":1,"prix_unit":"1.5"},{"id":13,"nbr":1,"prix_unit":"1"}]', 2.5, '2015-07-08 21:17:05', 2),
(27, '[{"id":14,"nbr":1,"prix_unit":"1"}]', 1, '2015-07-08 21:26:12', 2),
(28, '[{"id":1,"nbr":1,"prix_unit":"1"}]', 1, '2015-07-08 21:26:53', 2),
(29, '[{"id":1,"nbr":1,"prix_unit":"1"}]', 1, '2015-07-08 21:39:48', 2),
(30, '[{"id":4,"nbr":1,"prix_unit":"1"}]', 1, '2015-07-08 21:51:41', 2),
(31, '[{"id":15,"nbr":3,"prix_unit":"0.5"},{"id":16,"nbr":3,"prix_unit":"1"},{"id":7,"nbr":4,"prix_unit":"1.5"}]', 10.5, '2015-07-08 22:07:56', 2),
(32, '[{"id":10,"nbr":1,"prix_unit":"1"},{"id":13,"nbr":1,"prix_unit":"1"}]', 2, '2015-07-08 22:32:40', 2),
(33, '[{"id":26,"nbr":1,"prix_unit":"1"}]', 1, '2015-07-08 22:33:08', 2),
(34, '[{"id":10,"nbr":1,"prix_unit":"1"},{"id":11,"nbr":1,"prix_unit":"1"}]', 2, '2015-07-08 23:13:01', 2),
(35, '[{"id":7,"nbr":2,"prix_unit":"1.5"}]', 3, '2015-07-08 23:58:07', 2),
(36, '[{"id":1,"nbr":1,"prix_unit":"1"}]', 1, '2015-07-09 00:11:59', 2),
(37, '[{"id":26,"nbr":1,"prix_unit":"1"},{"id":21,"nbr":1,"prix_unit":"1"}]', 2, '2015-07-09 00:56:11', 2),
(38, '[{"id":7,"nbr":4,"prix_unit":"1.5"}]', 6, '2015-07-09 01:03:42', 2),
(39, '[{"id":7,"nbr":2,"prix_unit":"1.5"},{"id":2,"nbr":1,"prix_unit":"0.5"},{"id":26,"nbr":1,"prix_unit":"1"}]', 4.5, '2015-07-09 01:20:27', 2),
(40, '[{"id":7,"nbr":4,"prix_unit":"1.5"},{"id":10,"nbr":1,"prix_unit":"1"},{"id":11,"nbr":1,"prix_unit":"1"}]', 8, '2015-07-09 01:24:54', 2),
(41, '[{"id":7,"nbr":1,"prix_unit":"1.5"}]', 1.5, '2015-07-09 01:26:22', 2),
(42, '[{"id":2,"nbr":1,"prix_unit":"0.5"}]', 0.5, '2015-07-09 14:15:20', 1),
(43, '[{"id":15,"nbr":2,"prix_unit":"0.5"},{"id":11,"nbr":1,"prix_unit":"1"},{"id":4,"nbr":1,"prix_unit":"1"}]', 3, '2015-07-09 14:19:27', 1),
(44, '[{"id":10,"nbr":1,"prix_unit":"1"}]', 1, '2015-07-09 14:56:44', 1),
(45, '[{"id":16,"nbr":1,"prix_unit":"1"},{"id":15,"nbr":1,"prix_unit":"0.5"}]', 1.5, '2015-07-09 15:18:54', 1),
(46, '[{"id":1,"nbr":1,"prix_unit":"1"},{"id":17,"nbr":1,"prix_unit":"1"},{"id":16,"nbr":2,"prix_unit":"1"},{"id":15,"nbr":2,"prix_unit":"0.5"}]', 5, '2015-07-09 15:29:14', 1),
(47, '[{"id":4,"nbr":1,"prix_unit":"1"},{"id":1,"nbr":1,"prix_unit":"1"}]', 2, '2015-07-09 15:45:59', 1),
(48, '[{"id":16,"nbr":1,"prix_unit":"1"},{"id":15,"nbr":1,"prix_unit":"0.5"},{"id":7,"nbr":1,"prix_unit":"1.5"}]', 3, '2015-07-09 15:48:16', 1),
(49, '[{"id":4,"nbr":2,"prix_unit":"1"},{"id":26,"nbr":1,"prix_unit":"1"}]', 3, '2015-07-09 15:50:10', 1),
(50, '[{"id":26,"nbr":1,"prix_unit":"1"},{"id":1,"nbr":1,"prix_unit":"1"},{"id":10,"nbr":1,"prix_unit":"1"},{"id":21,"nbr":1,"prix_unit":"1"}]', 4, '2015-07-09 15:53:44', 1),
(51, '[{"id":11,"nbr":1,"prix_unit":"1"},{"id":10,"nbr":1,"prix_unit":"1"}]', 2, '2015-07-09 16:05:15', 1),
(52, '[{"id":5,"nbr":1,"prix_unit":"1"},{"id":21,"nbr":1,"prix_unit":"1"}]', 2, '2015-07-09 16:11:17', 1),
(53, '[{"id":21,"nbr":1,"prix_unit":"1"},{"id":1,"nbr":1,"prix_unit":"1"}]', 2, '2015-07-09 16:12:55', 1),
(54, '[{"id":23,"nbr":1,"prix_unit":"1"},{"id":21,"nbr":1,"prix_unit":"1"}]', 2, '2015-07-09 16:14:00', 1),
(55, '[{"id":16,"nbr":1,"prix_unit":"1"},{"id":15,"nbr":1,"prix_unit":"0.5"}]', 1.5, '2015-07-09 16:30:03', 1),
(56, '[{"id":4,"nbr":1,"prix_unit":"1"}]', 1, '2015-07-09 16:31:01', 1),
(57, '[{"id":12,"nbr":2,"prix_unit":"1"}]', 2, '2015-07-09 16:45:55', 1),
(58, '[{"id":5,"nbr":1,"prix_unit":"1"},{"id":19,"nbr":1,"prix_unit":"1"}]', 2, '2015-07-09 17:33:21', 1),
(59, '[{"id":10,"nbr":1,"prix_unit":"1"},{"id":26,"nbr":1,"prix_unit":"1"}]', 2, '2015-07-09 17:38:39', 1),
(60, '[{"id":18,"nbr":1,"prix_unit":"1"},{"id":11,"nbr":1,"prix_unit":"1"}]', 2, '2015-07-09 17:52:25', 1),
(61, '[{"id":4,"nbr":1,"prix_unit":"1"}]', 1, '2015-07-09 17:57:34', 1),
(62, '[{"id":4,"nbr":2,"prix_unit":"1"},{"id":1,"nbr":1,"prix_unit":"1"},{"id":17,"nbr":1,"prix_unit":"1"},{"id":5,"nbr":1,"prix_unit":"1"},{"id":13,"nbr":1,"prix_unit":"1"},{"id":14,"nbr":1,"prix_unit":"1"}]', 7, '2015-07-09 17:59:28', 1),
(63, '[{"id":4,"nbr":1,"prix_unit":"1"},{"id":16,"nbr":1,"prix_unit":"1"},{"id":15,"nbr":1,"prix_unit":"0.5"}]', 2.5, '2015-07-09 18:10:54', 1),
(64, '[{"id":21,"nbr":1,"prix_unit":"1"}]', 1, '2015-07-09 21:37:46', 1),
(67, '[{"id":1,"nbr":1,"prix_unit":"1"},{"id":4,"nbr":1,"prix_unit":"1"},{"id":14,"nbr":1,"prix_unit":"1"}]', 3, '2015-07-09 22:18:11', 1),
(68, '[{"id":5,"nbr":1,"prix_unit":"1"},{"id":26,"nbr":1,"prix_unit":"1"}]', 2, '2015-07-09 22:20:52', 1),
(69, '[{"id":5,"nbr":1,"prix_unit":"1"},{"id":14,"nbr":1,"prix_unit":"1"}]', 2, '2015-07-09 22:28:09', 1),
(70, '[{"id":4,"nbr":1,"prix_unit":"1"}]', 1, '2015-07-09 22:41:41', 1),
(71, '[{"id":10,"nbr":2,"prix_unit":"1"},{"id":14,"nbr":2,"prix_unit":"1"}]', 4, '2015-07-09 22:42:40', 1),
(72, '[{"id":4,"nbr":1,"prix_unit":"1"}]', 1, '2015-07-09 22:46:15', 1),
(73, '[{"id":4,"nbr":3,"prix_unit":"1"},{"id":11,"nbr":2,"prix_unit":"1"},{"id":1,"nbr":1,"prix_unit":"1"},{"id":23,"nbr":1,"prix_unit":"1"}]', 7, '2015-07-09 22:57:10', 1),
(74, '[{"id":21,"nbr":1,"prix_unit":"1"}]', 1, '2015-07-09 23:01:26', 1),
(75, '[{"id":7,"nbr":1,"prix_unit":"1.5"},{"id":5,"nbr":2,"prix_unit":"1"},{"id":4,"nbr":1,"prix_unit":"1"},{"id":26,"nbr":1,"prix_unit":"1"}]', 5.5, '2015-07-09 23:20:31', 1),
(76, '[{"id":1,"nbr":1,"prix_unit":"1"},{"id":12,"nbr":1,"prix_unit":"1"}]', 2, '2015-07-09 23:26:26', 1),
(77, '[{"id":4,"nbr":1,"prix_unit":"1"}]', 1, '2015-07-09 23:27:56', 1),
(78, '[{"id":10,"nbr":1,"prix_unit":"1"},{"id":5,"nbr":1,"prix_unit":"1"}]', 2, '2015-07-09 23:37:02', 1),
(79, '[{"id":4,"nbr":1,"prix_unit":"1"}]', 1, '2015-07-09 23:38:23', 1),
(80, '[{"id":26,"nbr":1,"prix_unit":"1"},{"id":13,"nbr":1,"prix_unit":"1"}]', 2, '2015-07-10 00:10:40', 1),
(81, '[{"id":7,"nbr":1,"prix_unit":"1.5"}]', 1.5, '2015-07-10 00:12:00', 1),
(82, '[{"id":5,"nbr":1,"prix_unit":"1"}]', 1, '2015-07-10 00:12:24', 1),
(83, '[{"id":21,"nbr":1,"prix_unit":"1"}]', 1, '2015-07-10 00:12:47', 1),
(84, '[{"id":20,"nbr":1,"prix_unit":"1"}]', 1, '2015-07-10 00:22:30', 3),
(85, '[{"id":26,"nbr":1,"prix_unit":"1"}]', 1, '2015-07-10 11:12:15', 2),
(86, '[{"id":20,"nbr":1,"prix_unit":"1"}]', 1, '2015-07-10 14:37:45', 1),
(87, '[{"id":19,"nbr":1,"prix_unit":"1"},{"id":5,"nbr":1,"prix_unit":"1"}]', 2, '2015-07-10 14:42:05', 1),
(88, '[{"id":4,"nbr":1,"prix_unit":"1"},{"id":19,"nbr":1,"prix_unit":"1"}]', 2, '2015-07-10 14:57:59', 1),
(89, '[{"id":20,"nbr":1,"prix_unit":"1"}]', 1, '2015-07-10 15:08:33', 1),
(90, '[{"id":1,"nbr":1,"prix_unit":"1"},{"id":20,"nbr":1,"prix_unit":"1"}]', 2, '2015-07-10 15:27:51', 1),
(91, '[{"id":19,"nbr":1,"prix_unit":"1"}]', 1, '2015-07-10 16:23:40', 1),
(92, '[{"id":11,"nbr":1,"prix_unit":"1"},{"id":10,"nbr":1,"prix_unit":"1"},{"id":21,"nbr":1,"prix_unit":"1"}]', 3, '2015-07-10 16:29:58', 1),
(93, '[{"id":20,"nbr":1,"prix_unit":"1"}]', 1, '2015-07-10 16:36:48', 1),
(94, '[{"id":7,"nbr":1,"prix_unit":"1.5"},{"id":10,"nbr":1,"prix_unit":"1"},{"id":21,"nbr":1,"prix_unit":"1"}]', 3.5, '2015-07-10 16:43:49', 1),
(95, '[{"id":4,"nbr":1,"prix_unit":"1"},{"id":16,"nbr":1,"prix_unit":"1"}]', 2, '2015-07-10 16:52:37', 1),
(96, '[{"id":1,"nbr":1,"prix_unit":"1"}]', 1, '2015-07-10 16:52:59', 1),
(97, '[{"id":14,"nbr":1,"prix_unit":"1"},{"id":13,"nbr":1,"prix_unit":"1"}]', 2, '2015-07-10 17:13:03', 3),
(98, '[{"id":13,"nbr":1,"prix_unit":"1"},{"id":10,"nbr":1,"prix_unit":"1"}]', 2, '2015-07-10 17:13:28', 3),
(99, '[{"id":20,"nbr":1,"prix_unit":"1"},{"id":12,"nbr":1,"prix_unit":"1"}]', 2, '2015-07-10 17:14:04', 3),
(100, '[{"id":18,"nbr":2,"prix_unit":"1"},{"id":4,"nbr":1,"prix_unit":"1"},{"id":16,"nbr":1,"prix_unit":"1"}]', 4, '2015-07-10 17:55:49', 4),
(101, '[{"id":24,"nbr":1,"prix_unit":"-1"}]', -1, '2015-07-10 17:55:54', 4),
(102, '[{"id":1,"nbr":1,"prix_unit":"1"},{"id":4,"nbr":1,"prix_unit":"1"}]', 2, '2015-07-10 18:28:22', 3),
(103, '[{"id":4,"nbr":2,"prix_unit":"1"}]', 2, '2015-07-10 21:10:14', 1),
(104, '[{"id":19,"nbr":1,"prix_unit":"1"},{"id":20,"nbr":1,"prix_unit":"1"}]', 2, '2015-07-10 21:11:43', 1),
(105, '[{"id":4,"nbr":1,"prix_unit":"1"},{"id":10,"nbr":1,"prix_unit":"1"}]', 2, '2015-07-10 22:16:40', 3),
(106, '[{"id":8,"nbr":2,"prix_unit":"1"}]', 2, '2015-07-10 22:47:50', 3),
(107, '[{"id":17,"nbr":1,"prix_unit":"1"},{"id":21,"nbr":1,"prix_unit":"1"}]', 2, '2015-07-10 22:49:14', 3),
(108, '[{"id":21,"nbr":1,"prix_unit":"1"}]', 1, '2015-07-10 22:54:07', 3),
(109, '[{"id":8,"nbr":1,"prix_unit":"1"}]', 1, '2015-07-10 22:55:57', 3),
(110, '[{"id":8,"nbr":1,"prix_unit":"1"}]', 1, '2015-07-10 22:56:48', 3),
(111, '[{"id":8,"nbr":8,"prix_unit":"1"}]', 8, '2015-07-10 22:59:21', 3),
(112, '[{"id":8,"nbr":1,"prix_unit":"1"}]', 1, '2015-07-10 23:04:17', 3),
(114, '[{"id":20,"nbr":1,"prix_unit":"1"}]', 1, '2015-07-10 23:08:10', 3),
(115, '[{"id":19,"nbr":1,"prix_unit":"1"}]', 1, '2015-07-10 23:21:27', 3),
(116, '[{"id":8,"nbr":1,"prix_unit":"1"}]', 1, '2015-07-10 23:29:16', 4),
(117, '[{"id":15,"nbr":2,"prix_unit":"0.5"},{"id":16,"nbr":2,"prix_unit":"1"}]', 3, '2015-07-10 23:31:32', 4),
(118, '[{"id":8,"nbr":1,"prix_unit":"1"}]', 1, '2015-07-10 23:49:35', 4),
(119, '[{"id":8,"nbr":1,"prix_unit":"1"}]', 1, '2015-07-10 23:49:36', 4),
(120, '[{"id":1,"nbr":1,"prix_unit":"1"},{"id":11,"nbr":1,"prix_unit":"1"}]', 2, '2015-07-11 00:05:55', 4),
(121, '[{"id":4,"nbr":2,"prix_unit":"1"}]', 2, '2015-07-11 00:15:32', 4),
(122, '[{"id":4,"nbr":1,"prix_unit":"1"}]', 1, '2015-07-11 00:17:00', 4),
(123, '[{"id":8,"nbr":1,"prix_unit":"1"}]', 1, '2015-07-11 00:37:37', 4),
(124, '[{"id":19,"nbr":1,"prix_unit":"1"}]', 1, '2015-07-11 00:49:48', 4),
(125, '[{"id":7,"nbr":3,"prix_unit":"1.5"}]', 4.5, '2015-07-11 01:15:52', 4),
(126, '[{"id":8,"nbr":1,"prix_unit":"1"}]', 1, '2015-07-11 01:18:48', 4),
(127, '[{"id":8,"nbr":2,"prix_unit":"1"},{"id":12,"nbr":1,"prix_unit":"1"}]', 3, '2015-07-11 01:19:22', 4),
(128, '[{"id":20,"nbr":1,"prix_unit":"1"}]', 1, '2015-07-11 09:12:38', 2),
(129, '[{"id":8,"nbr":1,"prix_unit":"1"},{"id":21,"nbr":1,"prix_unit":"1"}]', 2, '2015-07-11 14:15:18', 1),
(130, '[{"id":17,"nbr":1,"prix_unit":"1"}]', 1, '2015-07-11 14:32:53', 1),
(131, '[{"id":23,"nbr":1,"prix_unit":"1"}]', 1, '2015-07-11 14:40:02', 1),
(132, '[{"id":4,"nbr":1,"prix_unit":"1"}]', 1, '2015-07-11 14:59:23', 1),
(133, '[{"id":22,"nbr":1,"prix_unit":"1"},{"id":20,"nbr":1,"prix_unit":"1"}]', 2, '2015-07-11 15:05:07', 1),
(134, '[{"id":4,"nbr":1,"prix_unit":"1"}]', 1, '2015-07-11 15:19:35', 1),
(135, '[{"id":16,"nbr":1,"prix_unit":"1"}]', 1, '2015-07-11 15:23:08', 1),
(136, '[{"id":7,"nbr":4,"prix_unit":"1.5"}]', 6, '2015-07-11 15:30:25', 1),
(137, '[{"id":16,"nbr":1,"prix_unit":"1"},{"id":15,"nbr":1,"prix_unit":"0.5"}]', 1.5, '2015-07-11 15:49:50', 1),
(138, '[{"id":15,"nbr":1,"prix_unit":"0.5"},{"id":16,"nbr":1,"prix_unit":"1"}]', 1.5, '2015-07-11 15:50:30', 1),
(139, '[{"id":22,"nbr":1,"prix_unit":"1"}]', 1, '2015-07-11 15:54:31', 1),
(140, '[{"id":8,"nbr":1,"prix_unit":"1"}]', 1, '2015-07-11 16:02:54', 1),
(141, '[{"id":8,"nbr":1,"prix_unit":"1"}]', 1, '2015-07-11 16:05:57', 1),
(142, '[{"id":19,"nbr":1,"prix_unit":"1"},{"id":5,"nbr":1,"prix_unit":"1"}]', 2, '2015-07-11 16:09:18', 1),
(143, '[{"id":20,"nbr":1,"prix_unit":"1"}]', 1, '2015-07-11 16:09:49', 1),
(144, '[{"id":20,"nbr":1,"prix_unit":"1"}]', 1, '2015-07-11 16:10:01', 1),
(145, '[{"id":20,"nbr":1,"prix_unit":"1"}]', 1, '2015-07-11 16:10:27', 1),
(146, '[{"id":14,"nbr":1,"prix_unit":"1"},{"id":15,"nbr":1,"prix_unit":"0.5"},{"id":16,"nbr":1,"prix_unit":"1"}]', 2.5, '2015-07-11 16:11:06', 1),
(147, '[{"id":20,"nbr":1,"prix_unit":"1"}]', 1, '2015-07-11 16:11:35', 1),
(148, '[{"id":1,"nbr":1,"prix_unit":"1"}]', 1, '2015-07-11 16:13:34', 1),
(149, '[{"id":19,"nbr":1,"prix_unit":"1"}]', 1, '2015-07-11 16:24:09', 1),
(150, '[{"id":15,"nbr":1,"prix_unit":"0.5"},{"id":16,"nbr":1,"prix_unit":"1"}]', 1.5, '2015-07-11 16:25:28', 1),
(151, '[{"id":8,"nbr":2,"prix_unit":"1"}]', 2, '2015-07-11 16:35:12', 1),
(152, '[{"id":25,"nbr":1,"prix_unit":"1.5"}]', 1.5, '2015-07-11 16:51:35', 1),
(153, '[{"id":15,"nbr":1,"prix_unit":"0.5"},{"id":16,"nbr":1,"prix_unit":"1"}]', 1.5, '2015-07-11 16:52:32', 1),
(154, '[{"id":7,"nbr":3,"prix_unit":"1.5"}]', 4.5, '2015-07-11 16:57:10', 1),
(155, '[{"id":8,"nbr":1,"prix_unit":"1"}]', 1, '2015-07-11 17:00:36', 1),
(156, '[{"id":8,"nbr":1,"prix_unit":"1"}]', 1, '2015-07-11 17:00:55', 1),
(157, '[{"id":8,"nbr":1,"prix_unit":"1"},{"id":1,"nbr":1,"prix_unit":"1"}]', 2, '2015-07-11 17:01:14', 1),
(158, '[{"id":21,"nbr":1,"prix_unit":"1"}]', 1, '2015-07-11 17:02:20', 1),
(159, '[{"id":25,"nbr":1,"prix_unit":"1.5"}]', 1.5, '2015-07-11 17:02:33', 1),
(160, '[{"id":25,"nbr":1,"prix_unit":"1.5"}]', 1.5, '2015-07-11 17:02:53', 1),
(161, '[{"id":25,"nbr":2,"prix_unit":"1.5"}]', 3, '2015-07-11 17:03:41', 1),
(162, '[{"id":10,"nbr":1,"prix_unit":"1"},{"id":20,"nbr":1,"prix_unit":"1"}]', 2, '2015-07-11 17:03:47', 1),
(163, '[{"id":8,"nbr":1,"prix_unit":"1"},{"id":1,"nbr":1,"prix_unit":"1"}]', 2, '2015-07-11 17:04:37', 1),
(164, '[{"id":19,"nbr":1,"prix_unit":"1"},{"id":8,"nbr":1,"prix_unit":"1"}]', 2, '2015-07-11 17:05:49', 1),
(165, '[{"id":16,"nbr":1,"prix_unit":"1"},{"id":15,"nbr":1,"prix_unit":"0.5"}]', 1.5, '2015-07-11 17:07:23', 1),
(166, '[{"id":8,"nbr":1,"prix_unit":"1"}]', 1, '2015-07-11 17:07:28', 1),
(167, '[{"id":25,"nbr":1,"prix_unit":"1.5"}]', 1.5, '2015-07-11 17:09:57', 1),
(168, '[{"id":8,"nbr":1,"prix_unit":"1"}]', 1, '2015-07-11 17:10:29', 1),
(169, '[{"id":24,"nbr":1,"prix_unit":"-1"}]', -1, '2015-07-11 17:20:36', 1),
(170, '[{"id":8,"nbr":1,"prix_unit":"1"}]', 1, '2015-07-11 17:29:34', 1),
(171, '[{"id":8,"nbr":1,"prix_unit":"1"}]', 1, '2015-07-11 17:31:25', 1),
(172, '[{"id":8,"nbr":1,"prix_unit":"1"}]', 1, '2015-07-11 18:13:49', 1),
(173, '[{"id":8,"nbr":1,"prix_unit":"1"}]', 1, '2015-07-11 18:15:20', 1),
(174, '[{"id":7,"nbr":1,"prix_unit":"1.5"}]', 1.5, '2015-07-11 18:19:12', 1),
(175, '[{"id":16,"nbr":1,"prix_unit":"1"}]', 1, '2015-07-11 18:20:16', 1),
(176, '[{"id":8,"nbr":1,"prix_unit":"1"}]', 1, '2015-07-11 18:26:58', 1),
(177, '[{"id":5,"nbr":1,"prix_unit":"1"},{"id":20,"nbr":1,"prix_unit":"1"}]', 2, '2015-07-11 18:31:53', 1),
(178, '[{"id":8,"nbr":2,"prix_unit":"1"}]', 2, '2015-07-11 18:43:23', 1),
(179, '[{"id":25,"nbr":2,"prix_unit":"1.5"}]', 3, '2015-07-11 18:44:02', 1),
(180, '[{"id":8,"nbr":1,"prix_unit":"1"}]', 1, '2015-07-11 18:46:40', 1),
(181, '[{"id":7,"nbr":1,"prix_unit":"1.5"}]', 1.5, '2015-07-11 18:50:22', 1),
(182, '[{"id":7,"nbr":1,"prix_unit":"1.5"}]', 1.5, '2015-07-11 18:51:42', 1),
(183, '[{"id":1,"nbr":1,"prix_unit":"1"}]', 1, '2015-07-11 18:55:22', 1),
(184, '[{"id":19,"nbr":1,"prix_unit":"1"},{"id":7,"nbr":1,"prix_unit":"1.5"}]', 2.5, '2015-07-11 18:55:55', 1),
(185, '[{"id":23,"nbr":2,"prix_unit":"1"}]', 2, '2015-07-11 19:03:35', 1),
(186, '[{"id":8,"nbr":2,"prix_unit":"1"}]', 2, '2015-07-11 19:07:41', 1),
(187, '[{"id":17,"nbr":1,"prix_unit":"1"}]', 1, '2015-07-11 19:07:55', 1),
(188, '[{"id":8,"nbr":1,"prix_unit":"1"},{"id":16,"nbr":1,"prix_unit":"1"},{"id":15,"nbr":1,"prix_unit":"0.5"}]', 2.5, '2015-07-11 19:11:45', 1),
(189, '[{"id":1,"nbr":1,"prix_unit":"1"}]', 1, '2015-07-11 19:23:47', 1),
(190, '[{"id":18,"nbr":1,"prix_unit":"1"}]', 1, '2015-07-11 19:28:52', 1),
(191, '[{"id":17,"nbr":1,"prix_unit":"1"},{"id":10,"nbr":1,"prix_unit":"1"}]', 2, '2015-07-11 19:29:41', 1),
(192, '[{"id":16,"nbr":1,"prix_unit":"1"},{"id":15,"nbr":1,"prix_unit":"0.5"}]', 1.5, '2015-07-11 19:31:02', 1),
(193, '[{"id":18,"nbr":1,"prix_unit":"1"}]', 1, '2015-07-11 19:31:05', 1),
(194, '[{"id":7,"nbr":1,"prix_unit":"1.5"}]', 1.5, '2015-07-11 19:31:24', 1),
(195, '[{"id":23,"nbr":1,"prix_unit":"1"}]', 1, '2015-07-11 19:32:19', 1),
(196, '[{"id":7,"nbr":1,"prix_unit":"1.5"}]', 1.5, '2015-07-11 19:37:32', 1),
(197, '[{"id":7,"nbr":1,"prix_unit":"1.5"}]', 1.5, '2015-07-11 19:47:26', 1),
(198, '[{"id":7,"nbr":1,"prix_unit":"1.5"}]', 1.5, '2015-07-11 19:51:25', 1),
(199, '[{"id":7,"nbr":3,"prix_unit":"1.5"}]', 4.5, '2015-07-11 19:58:16', 1),
(200, '[{"id":1,"nbr":1,"prix_unit":"1"},{"id":25,"nbr":1,"prix_unit":"1.5"}]', 2.5, '2015-07-11 20:01:18', 1),
(201, '[{"id":7,"nbr":1,"prix_unit":"1.5"},{"id":25,"nbr":1,"prix_unit":"1.5"}]', 3, '2015-07-11 20:01:52', 1),
(202, '[{"id":25,"nbr":1,"prix_unit":"1.5"}]', 1.5, '2015-07-11 20:06:28', 1),
(203, '[{"id":16,"nbr":1,"prix_unit":"1"},{"id":15,"nbr":1,"prix_unit":"0.5"}]', 1.5, '2015-07-11 21:02:12', 1),
(204, '[{"id":22,"nbr":1,"prix_unit":"1"}]', 1, '2015-07-11 21:18:36', 1),
(205, '[{"id":16,"nbr":2,"prix_unit":"1"},{"id":15,"nbr":2,"prix_unit":"0.5"}]', 3, '2015-07-11 21:21:58', 1),
(206, '[{"id":21,"nbr":1,"prix_unit":"1"}]', 1, '2015-07-11 21:24:27', 1),
(207, '[{"id":16,"nbr":2,"prix_unit":"1"},{"id":15,"nbr":2,"prix_unit":"0.5"}]', 3, '2015-07-11 21:29:34', 1),
(208, '[{"id":16,"nbr":1,"prix_unit":"1"},{"id":15,"nbr":1,"prix_unit":"0.5"}]', 1.5, '2015-07-11 21:29:51', 1),
(209, '[{"id":21,"nbr":1,"prix_unit":"1"}]', 1, '2015-07-11 21:31:03', 1),
(210, '[{"id":21,"nbr":1,"prix_unit":"1"}]', 1, '2015-07-11 21:37:54', 1),
(211, '[{"id":15,"nbr":1,"prix_unit":"0.5"},{"id":16,"nbr":1,"prix_unit":"1"}]', 1.5, '2015-07-11 21:38:11', 1),
(212, '[{"id":16,"nbr":1,"prix_unit":"1"},{"id":15,"nbr":1,"prix_unit":"0.5"}]', 1.5, '2015-07-11 22:08:07', 1),
(213, '[{"id":1,"nbr":1,"prix_unit":"1"}]', 1, '2015-07-11 22:13:06', 1),
(214, '[{"id":7,"nbr":1,"prix_unit":"1.5"},{"id":25,"nbr":1,"prix_unit":"1.5"}]', 3, '2015-07-11 22:22:24', 1),
(215, '[{"id":15,"nbr":1,"prix_unit":"0.5"},{"id":16,"nbr":1,"prix_unit":"1"}]', 1.5, '2015-07-11 22:26:24', 1),
(216, '[{"id":15,"nbr":1,"prix_unit":"0.5"},{"id":16,"nbr":1,"prix_unit":"1"}]', 1.5, '2015-07-11 22:26:31', 1),
(217, '[{"id":25,"nbr":1,"prix_unit":"1.5"}]', 1.5, '2015-07-11 22:27:48', 1),
(218, '[{"id":7,"nbr":2,"prix_unit":"1.5"},{"id":17,"nbr":1,"prix_unit":"1"}]', 4, '2015-07-11 22:32:19', 1),
(219, '[{"id":25,"nbr":1,"prix_unit":"1.5"}]', 1.5, '2015-07-11 22:34:07', 1),
(220, '[{"id":15,"nbr":1,"prix_unit":"0.5"},{"id":16,"nbr":1,"prix_unit":"1"}]', 1.5, '2015-07-11 22:39:27', 1),
(221, '[{"id":16,"nbr":2,"prix_unit":"1"},{"id":15,"nbr":2,"prix_unit":"0.5"}]', 3, '2015-07-11 22:47:40', 1),
(222, '[{"id":19,"nbr":1,"prix_unit":"1"},{"id":20,"nbr":1,"prix_unit":"1"}]', 2, '2015-07-11 22:52:06', 1),
(223, '[{"id":7,"nbr":7,"prix_unit":"1.5"}]', 10.5, '2015-07-11 22:53:30', 1),
(224, '[{"id":19,"nbr":2,"prix_unit":"1"}]', 2, '2015-07-11 22:53:36', 1),
(225, '[{"id":2,"nbr":2,"prix_unit":"0.5"},{"id":18,"nbr":1,"prix_unit":"1"}]', 2, '2015-07-11 22:56:27', 1),
(226, '[{"id":6,"nbr":1,"prix_unit":"0.5"}]', 0.5, '2015-07-11 22:57:52', 1),
(227, '[{"id":6,"nbr":1,"prix_unit":"0.5"}]', 0.5, '2015-07-11 23:01:32', 1),
(228, '[{"id":20,"nbr":1,"prix_unit":"1"}]', 1, '2015-07-11 23:13:43', 1),
(229, '[{"id":7,"nbr":2,"prix_unit":"1.5"}]', 3, '2015-07-11 23:21:55', 1),
(230, '[{"id":17,"nbr":1,"prix_unit":"1"},{"id":12,"nbr":1,"prix_unit":"1"}]', 2, '2015-07-11 23:28:49', 1),
(231, '[{"id":20,"nbr":1,"prix_unit":"1"}]', 1, '2015-07-11 23:30:21', 1),
(232, '[{"id":4,"nbr":1,"prix_unit":"1"}]', 1, '2015-07-11 23:31:23', 1),
(233, '[{"id":6,"nbr":2,"prix_unit":"0.5"}]', 1, '2015-07-11 23:33:21', 1),
(234, '[{"id":4,"nbr":1,"prix_unit":"1"}]', 1, '2015-07-11 23:45:19', 1),
(235, '[{"id":4,"nbr":1,"prix_unit":"1"}]', 1, '2015-07-11 23:46:25', 1),
(236, '[{"id":17,"nbr":1,"prix_unit":"1"}]', 1, '2015-07-11 23:47:16', 1),
(237, '[{"id":14,"nbr":1,"prix_unit":"1"}]', 1, '2015-07-11 23:47:49', 1),
(238, '[{"id":2,"nbr":1,"prix_unit":"0.5"}]', 0.5, '2015-07-11 23:48:35', 1),
(239, '[{"id":21,"nbr":1,"prix_unit":"1"}]', 1, '2015-07-11 23:53:16', 1),
(240, '[{"id":7,"nbr":1,"prix_unit":"1.5"}]', 1.5, '2015-07-12 00:22:35', 1),
(241, '[{"id":15,"nbr":1,"prix_unit":"0.5"},{"id":16,"nbr":1,"prix_unit":"1"}]', 1.5, '2015-07-12 00:23:44', 1),
(242, '[{"id":21,"nbr":1,"prix_unit":"1"}]', 1, '2015-07-12 00:27:14', 1),
(243, '[{"id":22,"nbr":1,"prix_unit":"1"}]', 1, '2015-07-12 00:31:04', 1),
(244, '[{"id":21,"nbr":1,"prix_unit":"1"}]', 1, '2015-07-12 00:32:18', 1),
(245, '[{"id":22,"nbr":1,"prix_unit":"1"}]', 1, '2015-07-12 00:32:38', 1),
(246, '[{"id":7,"nbr":1,"prix_unit":"1.5"}]', 1.5, '2015-07-12 00:32:53', 1),
(247, '[{"id":23,"nbr":1,"prix_unit":"1"}]', 1, '2015-07-12 00:33:43', 1),
(248, '[{"id":22,"nbr":1,"prix_unit":"1"}]', 1, '2015-07-12 00:34:05', 1),
(249, '[{"id":25,"nbr":1,"prix_unit":"1.5"}]', 1.5, '2015-07-12 00:36:29', 1),
(250, '[{"id":7,"nbr":5,"prix_unit":"1.5"},{"id":25,"nbr":5,"prix_unit":"1.5"}]', 15, '2015-07-12 00:39:32', 1),
(252, '[{"id":24,"nbr":4,"prix_unit":"-1"}]', -4, '2015-07-12 01:00:55', 1),
(253, '[{"id":14,"nbr":1,"prix_unit":"1"}]', 1, '2015-07-12 01:25:16', 1),
(254, '[{"id":14,"nbr":1,"prix_unit":"1"}]', 1, '2015-07-12 01:25:23', 1),
(255, '[{"id":14,"nbr":2,"prix_unit":"1"}]', 2, '2015-07-12 01:25:40', 1),
(256, '[{"id":7,"nbr":1,"prix_unit":"1.5"}]', 1.5, '2015-07-12 01:30:01', 1),
(257, '[{"id":13,"nbr":1,"prix_unit":"1"}]', 1, '2015-07-12 01:32:50', 1),
(258, '[{"id":25,"nbr":1,"prix_unit":"1.5"},{"id":7,"nbr":1,"prix_unit":"1.5"}]', 3, '2015-07-12 01:36:56', 1),
(259, '[{"id":1,"nbr":1,"prix_unit":"1"}]', 1, '2015-07-12 01:40:52', 1),
(260, '[{"id":21,"nbr":1,"prix_unit":"1"},{"id":4,"nbr":1,"prix_unit":"1"}]', 2, '2015-07-12 01:56:19', 1),
(261, '[{"id":22,"nbr":3,"prix_unit":"1"},{"id":21,"nbr":1,"prix_unit":"1"},{"id":14,"nbr":3,"prix_unit":"1"},{"id":10,"nbr":1,"prix_unit":"1"},{"id":1,"nbr":1,"prix_unit":"1"},{"id":13,"nbr":1,"prix_unit":"1"}]', 10, '2015-07-12 02:00:34', 1),
(262, '[{"id":15,"nbr":1,"prix_unit":"0.5"},{"id":16,"nbr":1,"prix_unit":"1"}]', 1.5, '2015-07-12 02:01:20', 1),
(263, '[{"id":6,"nbr":2,"prix_unit":"0.5"}]', 1, '2015-07-12 02:02:04', 1),
(264, '[{"id":23,"nbr":1,"prix_unit":"1"}]', 1, '2015-07-12 02:02:36', 1),
(265, '[{"id":11,"nbr":1,"prix_unit":"1"}]', 1, '2015-07-12 02:02:54', 1),
(266, '[{"id":21,"nbr":1,"prix_unit":"1"},{"id":15,"nbr":1,"prix_unit":"0.5"},{"id":16,"nbr":1,"prix_unit":"1"}]', 2.5, '2015-07-12 02:04:41', 1),
(267, '[{"id":16,"nbr":1,"prix_unit":"1"},{"id":15,"nbr":1,"prix_unit":"0.5"}]', 1.5, '2015-07-12 02:05:12', 1),
(268, '[{"id":16,"nbr":1,"prix_unit":"1"},{"id":15,"nbr":1,"prix_unit":"0.5"}]', 1.5, '2015-07-12 02:06:47', 1),
(269, '[{"id":21,"nbr":1,"prix_unit":"1"}]', 1, '2015-07-12 02:13:49', 1),
(270, '[{"id":12,"nbr":1,"prix_unit":"1"}]', 1, '2015-07-12 02:20:39', 1),
(271, '[{"id":23,"nbr":1,"prix_unit":"1"}]', 1, '2015-07-12 02:27:16', 1),
(272, '[{"id":6,"nbr":1,"prix_unit":"0.5"}]', 0.5, '2015-07-12 02:29:40', 1),
(273, '[{"id":6,"nbr":1,"prix_unit":"0.5"}]', 0.5, '2015-07-12 02:33:38', 1),
(274, '[{"id":6,"nbr":1,"prix_unit":"0.5"}]', 0.5, '2015-07-12 02:34:14', 1),
(275, '[{"id":10,"nbr":1,"prix_unit":"1"}]', 1, '2015-07-12 03:18:00', 4),
(276, '[{"id":13,"nbr":1,"prix_unit":"1"}]', 1, '2015-07-12 03:45:53', 4),
(277, '[{"id":1,"nbr":1,"prix_unit":"1"}]', 1, '2015-07-12 03:59:24', 4),
(278, '[{"id":11,"nbr":2,"prix_unit":"1"},{"id":10,"nbr":1,"prix_unit":"1"},{"id":21,"nbr":1,"prix_unit":"1"}]', 4, '2015-07-12 04:06:24', 4),
(279, '[{"id":16,"nbr":1,"prix_unit":"1"},{"id":15,"nbr":1,"prix_unit":"0.5"}]', 1.5, '2015-07-12 14:18:36', 1),
(280, '[{"id":1,"nbr":1,"prix_unit":"1"},{"id":10,"nbr":1,"prix_unit":"1"}]', 2, '2015-07-12 14:21:25', 1),
(281, '[{"id":15,"nbr":1,"prix_unit":"0.5"},{"id":16,"nbr":1,"prix_unit":"1"}]', 1.5, '2015-07-12 14:21:43', 1),
(282, '[{"id":18,"nbr":1,"prix_unit":"1"},{"id":20,"nbr":1,"prix_unit":"1"}]', 2, '2015-07-12 14:22:24', 1),
(283, '[{"id":16,"nbr":1,"prix_unit":"1"},{"id":15,"nbr":1,"prix_unit":"0.5"}]', 1.5, '2015-07-12 14:25:41', 1),
(284, '[{"id":4,"nbr":1,"prix_unit":"1"},{"id":1,"nbr":1,"prix_unit":"1"},{"id":21,"nbr":1,"prix_unit":"1"}]', 3, '2015-07-12 14:29:59', 1),
(285, '[{"id":19,"nbr":1,"prix_unit":"1"}]', 1, '2015-07-12 14:42:15', 1),
(286, '[{"id":4,"nbr":1,"prix_unit":"1"},{"id":11,"nbr":1,"prix_unit":"1"}]', 2, '2015-07-12 14:51:07', 1),
(287, '[{"id":22,"nbr":1,"prix_unit":"1"},{"id":25,"nbr":1,"prix_unit":"1.5"}]', 2.5, '2015-07-12 14:56:47', 1),
(288, '[{"id":18,"nbr":1,"prix_unit":"1"}]', 1, '2015-07-12 14:57:56', 1),
(289, '[{"id":4,"nbr":1,"prix_unit":"1"}]', 1, '2015-07-12 15:20:24', 1),
(290, '[{"id":1,"nbr":1,"prix_unit":"1"}]', 1, '2015-07-12 15:21:03', 1),
(291, '[{"id":19,"nbr":1,"prix_unit":"1"}]', 1, '2015-07-12 15:21:57', 1),
(292, '[{"id":20,"nbr":2,"prix_unit":"1"}]', 2, '2015-07-12 15:25:52', 1),
(293, '[{"id":20,"nbr":1,"prix_unit":"1"}]', 1, '2015-07-12 15:26:26', 1),
(294, '[{"id":2,"nbr":1,"prix_unit":"0.5"},{"id":20,"nbr":1,"prix_unit":"1"}]', 1.5, '2015-07-12 15:27:10', 1),
(295, '[{"id":16,"nbr":1,"prix_unit":"1"},{"id":15,"nbr":1,"prix_unit":"0.5"}]', 1.5, '2015-07-12 15:27:55', 1),
(296, '[{"id":2,"nbr":1,"prix_unit":"0.5"}]', 0.5, '2015-07-12 15:33:41', 1),
(297, '[{"id":2,"nbr":1,"prix_unit":"0.5"}]', 0.5, '2015-07-12 15:33:49', 1),
(298, '[{"id":8,"nbr":1,"prix_unit":"1"}]', 1, '2015-07-12 15:43:23', 1),
(299, '[{"id":4,"nbr":1,"prix_unit":"1"}]', 1, '2015-07-12 15:45:14', 1),
(300, '[{"id":22,"nbr":1,"prix_unit":"1"}]', 1, '2015-07-12 15:52:51', 1),
(301, '[{"id":8,"nbr":5,"prix_unit":"1"}]', 5, '2015-07-12 16:08:38', 1),
(302, '[{"id":23,"nbr":1,"prix_unit":"1"}]', 1, '2015-07-12 16:30:27', 1),
(303, '[{"id":8,"nbr":1,"prix_unit":"1"}]', 1, '2015-07-12 16:35:07', 1),
(304, '[{"id":8,"nbr":1,"prix_unit":"1"}]', 1, '2015-07-12 16:36:06', 1),
(305, '[{"id":20,"nbr":1,"prix_unit":"1"}]', 1, '2015-07-12 16:46:19', 1),
(306, '[{"id":20,"nbr":1,"prix_unit":"1"}]', 1, '2015-07-12 16:47:14', 1),
(307, '[{"id":20,"nbr":1,"prix_unit":"1"}]', 1, '2015-07-12 16:47:57', 1),
(308, '[{"id":8,"nbr":1,"prix_unit":"1"}]', 1, '2015-07-12 16:49:01', 1),
(309, '[{"id":8,"nbr":1,"prix_unit":"1"}]', 1, '2015-07-12 16:52:23', 1),
(310, '[{"id":21,"nbr":1,"prix_unit":"1"}]', 1, '2015-07-12 16:58:15', 1),
(311, '[{"id":16,"nbr":1,"prix_unit":"1"},{"id":15,"nbr":1,"prix_unit":"0.5"}]', 1.5, '2015-07-12 16:59:31', 1),
(312, '[{"id":18,"nbr":2,"prix_unit":"1"}]', 2, '2015-07-12 16:59:41', 1),
(313, '[{"id":17,"nbr":1,"prix_unit":"1"}]', 1, '2015-07-12 17:00:32', 1),
(314, '[{"id":24,"nbr":1,"prix_unit":"-1"}]', -1, '2015-07-12 17:00:49', 1),
(315, '[{"id":16,"nbr":1,"prix_unit":"1"},{"id":15,"nbr":1,"prix_unit":"0.5"}]', 1.5, '2015-07-12 17:01:06', 1),
(316, '[{"id":7,"nbr":1,"prix_unit":"1.5"},{"id":1,"nbr":1,"prix_unit":"1"}]', 2.5, '2015-07-12 17:11:59', 1),
(317, '[{"id":6,"nbr":1,"prix_unit":"0.5"}]', 0.5, '2015-07-12 17:18:43', 1),
(318, '[{"id":1,"nbr":1,"prix_unit":"1"}]', 1, '2015-07-12 17:19:53', 1),
(319, '[{"id":25,"nbr":1,"prix_unit":"1.5"}]', 1.5, '2015-07-12 17:34:55', 1),
(320, '[{"id":8,"nbr":2,"prix_unit":"1"}]', 2, '2015-07-12 17:44:35', 1),
(321, '[{"id":5,"nbr":1,"prix_unit":"1"},{"id":8,"nbr":1,"prix_unit":"1"}]', 2, '2015-07-12 17:49:41', 1),
(322, '[{"id":25,"nbr":1,"prix_unit":"1.5"}]', 1.5, '2015-07-12 17:50:24', 1),
(323, '[{"id":8,"nbr":1,"prix_unit":"1"}]', 1, '2015-07-12 17:59:39', 1),
(324, '[{"id":16,"nbr":1,"prix_unit":"1"}]', 1, '2015-07-12 18:03:25', 1),
(325, '[{"id":16,"nbr":1,"prix_unit":"1"},{"id":15,"nbr":1,"prix_unit":"0.5"}]', 1.5, '2015-07-12 18:14:02', 1),
(326, '[{"id":21,"nbr":1,"prix_unit":"1"}]', 1, '2015-07-12 18:23:27', 1),
(327, '[{"id":24,"nbr":1,"prix_unit":"-1"}]', -1, '2015-07-12 18:24:49', 1),
(328, '[{"id":24,"nbr":1,"prix_unit":"-1"}]', -1, '2015-07-12 18:25:59', 1),
(329, '[{"id":6,"nbr":1,"prix_unit":"0.5"},{"id":4,"nbr":1,"prix_unit":"1"}]', 1.5, '2015-07-12 18:35:26', 1),
(330, '[{"id":8,"nbr":1,"prix_unit":"1"}]', 1, '2015-07-12 18:35:29', 1),
(331, '[{"id":8,"nbr":3,"prix_unit":"1"}]', 3, '2015-07-12 18:40:51', 1),
(332, '[{"id":8,"nbr":3,"prix_unit":"1"}]', 3, '2015-07-12 18:45:56', 1),
(333, '[{"id":8,"nbr":1,"prix_unit":"1"}]', 1, '2015-07-12 18:46:33', 1),
(334, '[{"id":8,"nbr":1,"prix_unit":"1"}]', 1, '2015-07-12 19:10:19', 1),
(336, '[{"id":8,"nbr":1,"prix_unit":"1"}]', 1, '2015-07-12 19:13:27', 1),
(337, '[{"id":22,"nbr":1,"prix_unit":"1"}]', 1, '2015-07-12 19:13:37', 1),
(338, '[{"id":7,"nbr":2,"prix_unit":"1.5"},{"id":25,"nbr":1,"prix_unit":"1.5"}]', 4.5, '2015-07-12 19:29:48', 1),
(339, '[{"id":25,"nbr":2,"prix_unit":"1.5"}]', 3, '2015-07-12 19:36:04', 1),
(340, '[{"id":25,"nbr":1,"prix_unit":"1.5"}]', 1.5, '2015-07-12 19:37:08', 1),
(341, '[{"id":7,"nbr":1,"prix_unit":"1.5"}]', 1.5, '2015-07-12 19:38:09', 1),
(342, '[{"id":7,"nbr":1,"prix_unit":"1.5"}]', 1.5, '2015-07-12 19:39:41', 1),
(343, '[{"id":7,"nbr":1,"prix_unit":"1.5"}]', 1.5, '2015-07-12 20:30:05', 1),
(344, '[{"id":1,"nbr":1,"prix_unit":"1"}]', 1, '2015-07-12 20:30:08', 1),
(345, '[{"id":25,"nbr":1,"prix_unit":"1.5"}]', 1.5, '2015-07-12 20:32:40', 1),
(346, '[{"id":6,"nbr":2,"prix_unit":"0.5"},{"id":19,"nbr":1,"prix_unit":"1"},{"id":12,"nbr":2,"prix_unit":"1"}]', 4, '2015-07-12 21:10:05', 1),
(347, '[{"id":8,"nbr":3,"prix_unit":"1"},{"id":4,"nbr":1,"prix_unit":"1"}]', 4, '2015-07-12 21:12:19', 1),
(348, '[{"id":19,"nbr":1,"prix_unit":"1"}]', 1, '2015-07-12 21:15:08', 1),
(349, '[{"id":19,"nbr":1,"prix_unit":"1"}]', 1, '2015-07-12 21:16:41', 1),
(350, '[{"id":15,"nbr":1,"prix_unit":"0.5"},{"id":16,"nbr":1,"prix_unit":"1"},{"id":7,"nbr":1,"prix_unit":"1.5"}]', 3, '2015-07-12 21:18:43', 1),
(351, '[{"id":2,"nbr":1,"prix_unit":"0.5"}]', 0.5, '2015-07-12 21:22:57', 1),
(352, '[{"id":2,"nbr":1,"prix_unit":"0.5"}]', 0.5, '2015-07-12 21:23:08', 1),
(353, '[{"id":25,"nbr":1,"prix_unit":"1.5"},{"id":1,"nbr":1,"prix_unit":"1"}]', 2.5, '2015-07-12 21:28:51', 1),
(354, '[{"id":16,"nbr":1,"prix_unit":"1"},{"id":15,"nbr":1,"prix_unit":"0.5"}]', 1.5, '2015-07-12 21:30:41', 1),
(355, '[{"id":7,"nbr":2,"prix_unit":"1.5"}]', 3, '2015-07-12 22:11:22', 1),
(356, '[{"id":19,"nbr":1,"prix_unit":"1"},{"id":1,"nbr":1,"prix_unit":"1"}]', 2, '2015-07-12 22:19:25', 1),
(357, '[{"id":6,"nbr":1,"prix_unit":"0.5"}]', 0.5, '2015-07-12 22:20:22', 1),
(358, '[{"id":17,"nbr":1,"prix_unit":"1"},{"id":8,"nbr":1,"prix_unit":"1"}]', 2, '2015-07-12 22:22:52', 1),
(359, '[{"id":11,"nbr":1,"prix_unit":"1"}]', 1, '2015-07-12 22:29:19', 1),
(360, '[{"id":4,"nbr":1,"prix_unit":"1"}]', 1, '2015-07-12 22:29:49', 1),
(361, '[{"id":20,"nbr":1,"prix_unit":"1"},{"id":13,"nbr":1,"prix_unit":"1"}]', 2, '2015-07-12 22:48:33', 1),
(362, '[{"id":10,"nbr":1,"prix_unit":"1"},{"id":6,"nbr":1,"prix_unit":"0.5"}]', 1.5, '2015-07-12 22:50:23', 1),
(363, '[{"id":20,"nbr":2,"prix_unit":"1"}]', 2, '2015-07-12 22:52:26', 1),
(364, '[{"id":8,"nbr":1,"prix_unit":"1"}]', 1, '2015-07-12 22:53:44', 1),
(365, '[{"id":25,"nbr":1,"prix_unit":"1.5"}]', 1.5, '2015-07-12 22:54:07', 1),
(366, '[{"id":8,"nbr":1,"prix_unit":"1"}]', 1, '2015-07-12 23:02:56', 1),
(367, '[{"id":6,"nbr":1,"prix_unit":"0.5"}]', 0.5, '2015-07-12 23:17:34', 1),
(368, '[{"id":25,"nbr":2,"prix_unit":"1.5"},{"id":7,"nbr":1,"prix_unit":"1.5"}]', 4.5, '2015-07-12 23:27:13', 1),
(369, '[{"id":23,"nbr":2,"prix_unit":"1"}]', 2, '2015-07-12 23:27:25', 1),
(370, '[{"id":16,"nbr":1,"prix_unit":"1"},{"id":15,"nbr":1,"prix_unit":"0.5"}]', 1.5, '2015-07-12 23:32:27', 1),
(371, '[{"id":23,"nbr":1,"prix_unit":"1"}]', 1, '2015-07-12 23:34:02', 1),
(372, '[{"id":22,"nbr":1,"prix_unit":"1"},{"id":23,"nbr":1,"prix_unit":"1"}]', 2, '2015-07-12 23:34:51', 1),
(373, '[{"id":6,"nbr":1,"prix_unit":"0.5"}]', 0.5, '2015-07-12 23:36:08', 1),
(374, '[{"id":25,"nbr":1,"prix_unit":"1.5"}]', 1.5, '2015-07-12 23:36:30', 1),
(375, '[{"id":7,"nbr":1,"prix_unit":"1.5"},{"id":21,"nbr":1,"prix_unit":"1"}]', 2.5, '2015-07-12 23:52:21', 1),
(376, '[{"id":19,"nbr":1,"prix_unit":"1"},{"id":13,"nbr":1,"prix_unit":"1"},{"id":21,"nbr":1,"prix_unit":"1"}]', 3, '2015-07-12 23:53:12', 1),
(377, '[{"id":16,"nbr":1,"prix_unit":"1"},{"id":15,"nbr":1,"prix_unit":"0.5"}]', 1.5, '2015-07-12 23:54:04', 1),
(378, '[{"id":2,"nbr":2,"prix_unit":"0.5"},{"id":6,"nbr":1,"prix_unit":"0.5"},{"id":1,"nbr":1,"prix_unit":"1"},{"id":19,"nbr":1,"prix_unit":"1"}]', 3.5, '2015-07-13 00:05:51', 1),
(379, '[{"id":4,"nbr":1,"prix_unit":"1"}]', 1, '2015-07-13 00:06:41', 1),
(380, '[{"id":4,"nbr":2,"prix_unit":"1"},{"id":22,"nbr":1,"prix_unit":"1"}]', 3, '2015-07-13 00:32:00', 1),
(381, '[{"id":4,"nbr":1,"prix_unit":"1"},{"id":11,"nbr":1,"prix_unit":"1"}]', 2, '2015-07-13 00:43:55', 1),
(382, '[{"id":11,"nbr":1,"prix_unit":"1"}]', 1, '2015-07-13 00:46:46', 1),
(383, '[{"id":13,"nbr":1,"prix_unit":"1"}]', 1, '2015-07-13 00:52:32', 1),
(384, '[{"id":13,"nbr":1,"prix_unit":"1"}]', 1, '2015-07-13 00:58:34', 1),
(385, '[{"id":10,"nbr":2,"prix_unit":"1"}]', 2, '2015-07-13 01:03:29', 1),
(386, '[{"id":13,"nbr":1,"prix_unit":"1"}]', 1, '2015-07-13 01:24:16', 1),
(387, '[{"id":10,"nbr":1,"prix_unit":"1"}]', 1, '2015-07-13 01:39:17', 1),
(388, '[{"id":6,"nbr":2,"prix_unit":"0.5"},{"id":13,"nbr":1,"prix_unit":"1"}]', 2, '2015-07-13 01:51:23', 1),
(389, '[{"id":22,"nbr":2,"prix_unit":"1"}]', 2, '2015-07-13 01:52:50', 1),
(390, '[{"id":20,"nbr":1,"prix_unit":"1"}]', 1, '2015-07-13 01:53:46', 1),
(391, '[{"id":12,"nbr":1,"prix_unit":"1"}]', 1, '2015-07-13 01:53:50', 1),
(392, '[{"id":16,"nbr":1,"prix_unit":"1"},{"id":15,"nbr":1,"prix_unit":"0.5"}]', 1.5, '2015-07-13 14:29:30', 2),
(393, '[{"id":19,"nbr":1,"prix_unit":"1"}]', 1, '2015-07-13 14:42:28', 2),
(394, '[{"id":15,"nbr":1,"prix_unit":"0.5"},{"id":16,"nbr":2,"prix_unit":"1"}]', 2.5, '2015-07-13 15:02:30', 2),
(395, '[{"id":19,"nbr":2,"prix_unit":"1"}]', 2, '2015-07-13 15:03:39', 2),
(396, '[{"id":4,"nbr":1,"prix_unit":"1"}]', 1, '2015-07-13 15:03:53', 2),
(397, '[{"id":4,"nbr":1,"prix_unit":"1"}]', 1, '2015-07-13 15:14:17', 2),
(398, '[{"id":16,"nbr":2,"prix_unit":"1"},{"id":15,"nbr":2,"prix_unit":"0.5"}]', 3, '2015-07-13 15:18:28', 2),
(399, '[{"id":12,"nbr":1,"prix_unit":"1"},{"id":10,"nbr":1,"prix_unit":"1"}]', 2, '2015-07-13 15:27:43', 2),
(400, '[{"id":19,"nbr":1,"prix_unit":"1"}]', 1, '2015-07-13 16:10:38', 2),
(401, '[{"id":11,"nbr":1,"prix_unit":"1"}]', 1, '2015-07-13 16:17:26', 2),
(402, '[{"id":1,"nbr":2,"prix_unit":"1"},{"id":4,"nbr":2,"prix_unit":"1"}]', 4, '2015-07-13 16:18:35', 2),
(403, '[{"id":22,"nbr":1,"prix_unit":"1"}]', 1, '2015-07-13 16:19:50', 2),
(404, '[{"id":13,"nbr":1,"prix_unit":"1"}]', 1, '2015-07-13 16:23:09', 2),
(405, '[{"id":19,"nbr":1,"prix_unit":"1"}]', 1, '2015-07-13 16:27:48', 2),
(406, '[{"id":25,"nbr":1,"prix_unit":"1.5"}]', 1.5, '2015-07-13 16:41:36', 2),
(407, '[{"id":19,"nbr":1,"prix_unit":"1"}]', 1, '2015-07-13 16:59:37', 2),
(408, '[{"id":1,"nbr":1,"prix_unit":"1"},{"id":19,"nbr":1,"prix_unit":"1"}]', 2, '2015-07-13 17:08:02', 2),
(409, '[{"id":1,"nbr":1,"prix_unit":"1"}]', 1, '2015-07-13 17:17:43', 2),
(410, '[{"id":11,"nbr":1,"prix_unit":"1"}]', 1, '2015-07-13 17:47:13', 2),
(411, '[{"id":12,"nbr":2,"prix_unit":"1"}]', 2, '2015-07-13 17:47:41', 2),
(412, '[{"id":22,"nbr":1,"prix_unit":"1"}]', 1, '2015-07-13 17:48:26', 2),
(413, '[{"id":13,"nbr":2,"prix_unit":"1"},{"id":18,"nbr":1,"prix_unit":"1"}]', 3, '2015-07-13 17:48:57', 2),
(414, '[{"id":20,"nbr":1,"prix_unit":"1"}]', 1, '2015-07-13 18:03:41', 2),
(415, '[{"id":19,"nbr":1,"prix_unit":"1"}]', 1, '2015-07-13 18:10:32', 2),
(416, '[{"id":20,"nbr":1,"prix_unit":"1"}]', 1, '2015-07-13 18:12:34', 2),
(417, '[{"id":13,"nbr":1,"prix_unit":"1"}]', 1, '2015-07-13 18:19:25', 2),
(418, '[{"id":13,"nbr":1,"prix_unit":"1"}]', 1, '2015-07-13 18:21:23', 2),
(419, '[{"id":1,"nbr":1,"prix_unit":"1"}]', 1, '2015-07-13 18:22:32', 2),
(420, '[{"id":19,"nbr":1,"prix_unit":"1"}]', 1, '2015-07-13 18:30:21', 2),
(421, '[{"id":22,"nbr":1,"prix_unit":"1"}]', 1, '2015-07-13 18:54:08', 2),
(422, '[{"id":25,"nbr":1,"prix_unit":"1.5"},{"id":11,"nbr":1,"prix_unit":"1"},{"id":23,"nbr":1,"prix_unit":"1"}]', 3.5, '2015-07-13 18:57:06', 2),
(423, '[{"id":24,"nbr":2,"prix_unit":"-1"}]', -2, '2015-07-13 19:04:06', 2),
(424, '[{"id":7,"nbr":1,"prix_unit":"1.5"},{"id":25,"nbr":1,"prix_unit":"1.5"}]', 3, '2015-07-13 19:24:41', 2),
(425, '[{"id":25,"nbr":1,"prix_unit":"1.5"}]', 1.5, '2015-07-13 19:24:43', 2),
(426, '[{"id":25,"nbr":1,"prix_unit":"1.5"}]', 1.5, '2015-07-13 19:29:15', 1),
(427, '[{"id":7,"nbr":2,"prix_unit":"1.5"},{"id":25,"nbr":1,"prix_unit":"1.5"}]', 4.5, '2015-07-13 19:34:16', 1),
(428, '[{"id":7,"nbr":2,"prix_unit":"1.5"}]', 3, '2015-07-13 19:37:13', 1),
(429, '[{"id":7,"nbr":1,"prix_unit":"1.5"}]', 1.5, '2015-07-13 19:47:30', 1),
(430, '[{"id":7,"nbr":1,"prix_unit":"1.5"}]', 1.5, '2015-07-13 19:47:53', 1),
(431, '[{"id":7,"nbr":1,"prix_unit":"1.5"},{"id":25,"nbr":1,"prix_unit":"1.5"}]', 3, '2015-07-13 20:42:37', 1),
(432, '[{"id":25,"nbr":1,"prix_unit":"1.5"}]', 1.5, '2015-07-13 21:13:09', 1),
(433, '[{"id":19,"nbr":1,"prix_unit":"1"}]', 1, '2015-07-13 21:46:35', 1),
(434, '[{"id":16,"nbr":1,"prix_unit":"1"}]', 1, '2015-07-13 22:16:17', 1),
(435, '[{"id":15,"nbr":1,"prix_unit":"0.5"}]', 0.5, '2015-07-13 22:16:21', 1),
(436, '[{"id":19,"nbr":1,"prix_unit":"1"}]', 1, '2015-07-13 22:17:18', 1),
(437, '[{"id":21,"nbr":1,"prix_unit":"1"}]', 1, '2015-07-13 22:50:01', 1),
(438, '[{"id":25,"nbr":1,"prix_unit":"1.5"}]', 1.5, '2015-07-13 22:50:32', 1),
(439, '[{"id":21,"nbr":1,"prix_unit":"1"}]', 1, '2015-07-13 22:51:16', 1),
(440, '[{"id":20,"nbr":1,"prix_unit":"1"}]', 1, '2015-07-13 22:51:40', 1),
(441, '[{"id":15,"nbr":1,"prix_unit":"0.5"},{"id":16,"nbr":1,"prix_unit":"1"}]', 1.5, '2015-07-13 22:52:28', 1),
(442, '[{"id":15,"nbr":1,"prix_unit":"0.5"},{"id":16,"nbr":1,"prix_unit":"1"}]', 1.5, '2015-07-13 22:53:14', 1),
(443, '[{"id":25,"nbr":1,"prix_unit":"1.5"},{"id":7,"nbr":1,"prix_unit":"1.5"}]', 3, '2015-07-13 22:53:44', 1),
(444, '[{"id":15,"nbr":1,"prix_unit":"0.5"},{"id":16,"nbr":1,"prix_unit":"1"}]', 1.5, '2015-07-13 22:54:21', 1),
(445, '[{"id":17,"nbr":1,"prix_unit":"1"}]', 1, '2015-07-13 22:54:28', 1),
(446, '[{"id":17,"nbr":1,"prix_unit":"1"},{"id":18,"nbr":1,"prix_unit":"1"}]', 2, '2015-07-13 23:09:12', 1),
(447, '[{"id":7,"nbr":1,"prix_unit":"1.5"}]', 1.5, '2015-07-14 00:00:54', 1),
(448, '[{"id":7,"nbr":1,"prix_unit":"1.5"}]', 1.5, '2015-07-14 00:01:28', 1),
(449, '[{"id":11,"nbr":1,"prix_unit":"1"},{"id":19,"nbr":1,"prix_unit":"1"},{"id":16,"nbr":1,"prix_unit":"1"},{"id":15,"nbr":1,"prix_unit":"0.5"}]', 3.5, '2015-07-14 00:07:40', 1),
(450, '[{"id":15,"nbr":1,"prix_unit":"0.5"},{"id":16,"nbr":1,"prix_unit":"1"},{"id":21,"nbr":1,"prix_unit":"1"}]', 2.5, '2015-07-14 00:08:31', 1),
(451, '[{"id":16,"nbr":1,"prix_unit":"1"},{"id":15,"nbr":1,"prix_unit":"0.5"},{"id":13,"nbr":1,"prix_unit":"1"},{"id":12,"nbr":1,"prix_unit":"1"}]', 3.5, '2015-07-14 00:09:06', 1),
(452, '[{"id":12,"nbr":1,"prix_unit":"1"}]', 1, '2015-07-14 00:09:33', 1),
(453, '[{"id":12,"nbr":1,"prix_unit":"1"},{"id":1,"nbr":2,"prix_unit":"1"},{"id":6,"nbr":1,"prix_unit":"0.5"},{"id":21,"nbr":1,"prix_unit":"1"},{"id":2,"nbr":1,"prix_unit":"0.5"},{"id":11,"nbr":1,"prix_unit":"1"}]', 6, '2015-07-14 00:12:36', 1),
(454, '[{"id":11,"nbr":1,"prix_unit":"1"},{"id":1,"nbr":1,"prix_unit":"1"}]', 2, '2015-07-14 00:13:28', 1),
(455, '[{"id":21,"nbr":1,"prix_unit":"1"},{"id":1,"nbr":1,"prix_unit":"1"}]', 2, '2015-07-14 00:20:04', 1),
(456, '[{"id":22,"nbr":1,"prix_unit":"1"}]', 1, '2015-07-14 00:36:15', 1),
(457, '[{"id":13,"nbr":1,"prix_unit":"1"}]', 1, '2015-07-14 00:36:46', 1),
(458, '[{"id":13,"nbr":1,"prix_unit":"1"}]', 1, '2015-07-14 01:00:43', 1),
(459, '[{"id":10,"nbr":1,"prix_unit":"1"}]', 1, '2015-07-14 01:01:04', 1),
(460, '[{"id":22,"nbr":1,"prix_unit":"1"}]', 1, '2015-07-14 01:01:26', 1),
(461, '[{"id":20,"nbr":1,"prix_unit":"1"}]', 1, '2015-07-14 01:04:31', 1),
(462, '[{"id":21,"nbr":1,"prix_unit":"1"},{"id":13,"nbr":1,"prix_unit":"1"}]', 2, '2015-07-14 01:07:39', 1),
(463, '[{"id":23,"nbr":1,"prix_unit":"1"}]', 1, '2015-07-14 01:09:02', 1),
(464, '[{"id":13,"nbr":1,"prix_unit":"1"}]', 1, '2015-07-14 01:13:04', 1),
(465, '[{"id":10,"nbr":1,"prix_unit":"1"}]', 1, '2015-07-14 01:15:41', 1),
(466, '[{"id":1,"nbr":3,"prix_unit":"1"}]', 3, '2015-07-14 14:13:19', 1),
(467, '[{"id":6,"nbr":1,"prix_unit":"0.5"},{"id":25,"nbr":1,"prix_unit":"1.5"}]', 2, '2015-07-14 14:16:01', 1),
(468, '[{"id":15,"nbr":1,"prix_unit":"0.5"},{"id":16,"nbr":1,"prix_unit":"1"}]', 1.5, '2015-07-14 14:16:40', 1),
(469, '[{"id":25,"nbr":1,"prix_unit":"1.5"}]', 1.5, '2015-07-14 14:17:31', 1),
(470, '[{"id":25,"nbr":1,"prix_unit":"1.5"},{"id":20,"nbr":2,"prix_unit":"1"}]', 3.5, '2015-07-14 14:45:31', 1),
(471, '[{"id":10,"nbr":1,"prix_unit":"1"},{"id":12,"nbr":1,"prix_unit":"1"},{"id":20,"nbr":1,"prix_unit":"1"}]', 3, '2015-07-14 14:59:55', 1),
(472, '[{"id":18,"nbr":1,"prix_unit":"1"},{"id":13,"nbr":1,"prix_unit":"1"}]', 2, '2015-07-14 15:03:01', 1),
(473, '[{"id":1,"nbr":1,"prix_unit":"1"},{"id":21,"nbr":2,"prix_unit":"1"}]', 3, '2015-07-14 15:11:19', 1),
(474, '[{"id":6,"nbr":2,"prix_unit":"0.5"}]', 1, '2015-07-14 15:35:10', 1),
(475, '[{"id":20,"nbr":2,"prix_unit":"1"},{"id":1,"nbr":1,"prix_unit":"1"}]', 3, '2015-07-14 15:36:48', 1),
(476, '[{"id":1,"nbr":1,"prix_unit":"1"},{"id":18,"nbr":1,"prix_unit":"1"}]', 2, '2015-07-14 15:38:52', 1),
(477, '[{"id":18,"nbr":2,"prix_unit":"1"}]', 2, '2015-07-14 15:47:35', 1),
(478, '[{"id":1,"nbr":2,"prix_unit":"1"}]', 2, '2015-07-14 15:48:36', 1),
(479, '[{"id":8,"nbr":2,"prix_unit":"1"}]', 2, '2015-07-14 15:49:15', 1),
(480, '[{"id":8,"nbr":1,"prix_unit":"1"},{"id":23,"nbr":1,"prix_unit":"1"},{"id":17,"nbr":1,"prix_unit":"1"}]', 3, '2015-07-14 15:51:54', 1),
(481, '[{"id":8,"nbr":3,"prix_unit":"1"}]', 3, '2015-07-14 15:52:01', 1),
(482, '[{"id":8,"nbr":1,"prix_unit":"1"}]', 1, '2015-07-14 15:57:27', 1),
(483, '[{"id":1,"nbr":1,"prix_unit":"1"}]', 1, '2015-07-14 16:07:59', 1),
(484, '[{"id":25,"nbr":1,"prix_unit":"1.5"},{"id":8,"nbr":1,"prix_unit":"1"}]', 2.5, '2015-07-14 16:12:23', 1),
(485, '[{"id":1,"nbr":1,"prix_unit":"1"},{"id":21,"nbr":1,"prix_unit":"1"}]', 2, '2015-07-14 16:14:31', 1),
(486, '[{"id":8,"nbr":1,"prix_unit":"1"}]', 1, '2015-07-14 16:14:59', 1),
(487, '[{"id":25,"nbr":1,"prix_unit":"1.5"},{"id":6,"nbr":1,"prix_unit":"0.5"},{"id":1,"nbr":1,"prix_unit":"1"}]', 3, '2015-07-14 16:22:48', 1),
(488, '[{"id":1,"nbr":2,"prix_unit":"1"}]', 2, '2015-07-14 16:25:09', 1),
(489, '[{"id":8,"nbr":3,"prix_unit":"1"},{"id":15,"nbr":2,"prix_unit":"0.5"},{"id":16,"nbr":2,"prix_unit":"1"}]', 6, '2015-07-14 16:37:04', 1),
(490, '[{"id":20,"nbr":1,"prix_unit":"1"}]', 1, '2015-07-14 16:48:31', 1),
(491, '[{"id":20,"nbr":1,"prix_unit":"1"}]', 1, '2015-07-14 16:50:55', 1),
(492, '[{"id":6,"nbr":1,"prix_unit":"0.5"}]', 0.5, '2015-07-14 17:00:52', 1),
(493, '[{"id":17,"nbr":1,"prix_unit":"1"}]', 1, '2015-07-14 17:05:55', 1),
(494, '[{"id":20,"nbr":1,"prix_unit":"1"},{"id":8,"nbr":2,"prix_unit":"1"}]', 3, '2015-07-14 17:09:46', 1),
(495, '[{"id":25,"nbr":1,"prix_unit":"1.5"}]', 1.5, '2015-07-14 17:14:30', 1),
(496, '[{"id":18,"nbr":2,"prix_unit":"1"}]', 2, '2015-07-14 17:15:53', 1),
(497, '[{"id":18,"nbr":1,"prix_unit":"1"},{"id":8,"nbr":1,"prix_unit":"1"}]', 2, '2015-07-14 17:20:47', 1),
(498, '[{"id":1,"nbr":3,"prix_unit":"1"},{"id":18,"nbr":1,"prix_unit":"1"},{"id":8,"nbr":1,"prix_unit":"1"}]', 5, '2015-07-14 17:29:37', 1),
(499, '[{"id":1,"nbr":1,"prix_unit":"1"}]', 1, '2015-07-14 17:33:37', 1),
(500, '[{"id":8,"nbr":1,"prix_unit":"1"}]', 1, '2015-07-14 17:39:11', 1),
(501, '[{"id":8,"nbr":1,"prix_unit":"1"}]', 1, '2015-07-14 17:40:11', 1),
(502, '[{"id":8,"nbr":1,"prix_unit":"1"}]', 1, '2015-07-14 17:58:22', 1),
(503, '[{"id":22,"nbr":1,"prix_unit":"1"}]', 1, '2015-07-14 18:00:50', 1),
(504, '[{"id":22,"nbr":1,"prix_unit":"1"},{"id":13,"nbr":1,"prix_unit":"1"}]', 2, '2015-07-14 18:07:17', 1),
(505, '[{"id":12,"nbr":1,"prix_unit":"1"},{"id":21,"nbr":1,"prix_unit":"1"}]', 2, '2015-07-14 18:08:46', 1),
(506, '[{"id":17,"nbr":1,"prix_unit":"1"},{"id":18,"nbr":1,"prix_unit":"1"},{"id":6,"nbr":1,"prix_unit":"0.5"}]', 2.5, '2015-07-14 18:13:42', 1),
(507, '[{"id":22,"nbr":1,"prix_unit":"1"}]', 1, '2015-07-14 18:15:01', 1),
(508, '[{"id":1,"nbr":1,"prix_unit":"1"},{"id":25,"nbr":1,"prix_unit":"1.5"}]', 2.5, '2015-07-14 18:16:16', 1),
(509, '[{"id":15,"nbr":2,"prix_unit":"0.5"},{"id":16,"nbr":2,"prix_unit":"1"},{"id":18,"nbr":1,"prix_unit":"1"}]', 4, '2015-07-14 18:24:37', 1),
(510, '[{"id":6,"nbr":1,"prix_unit":"0.5"}]', 0.5, '2015-07-14 18:25:04', 1),
(511, '[{"id":8,"nbr":1,"prix_unit":"1"}]', 1, '2015-07-14 18:32:03', 1),
(512, '[{"id":17,"nbr":2,"prix_unit":"1"},{"id":1,"nbr":1,"prix_unit":"1"}]', 3, '2015-07-14 18:57:08', 1),
(513, '[{"id":8,"nbr":1,"prix_unit":"1"}]', 1, '2015-07-14 19:15:25', 1),
(514, '[{"id":15,"nbr":1,"prix_unit":"0.5"},{"id":16,"nbr":1,"prix_unit":"1"}]', 1.5, '2015-07-14 19:31:08', 1),
(515, '[{"id":25,"nbr":1,"prix_unit":"1.5"}]', 1.5, '2015-07-14 21:10:41', 1),
(516, '[{"id":8,"nbr":1,"prix_unit":"1"}]', 1, '2015-07-14 21:23:02', 1),
(517, '[{"id":20,"nbr":1,"prix_unit":"1"},{"id":17,"nbr":1,"prix_unit":"1"}]', 2, '2015-07-14 21:23:51', 1),
(518, '[{"id":22,"nbr":1,"prix_unit":"1"}]', 1, '2015-07-14 21:34:20', 1),
(519, '[{"id":8,"nbr":1,"prix_unit":"1"},{"id":21,"nbr":1,"prix_unit":"1"}]', 2, '2015-07-14 21:37:16', 1),
(520, '[{"id":1,"nbr":3,"prix_unit":"1"},{"id":11,"nbr":1,"prix_unit":"1"},{"id":12,"nbr":1,"prix_unit":"1"}]', 5, '2015-07-14 21:40:30', 1),
(521, '[{"id":25,"nbr":1,"prix_unit":"1.5"}]', 1.5, '2015-07-14 21:42:04', 1),
(522, '[{"id":15,"nbr":1,"prix_unit":"0.5"},{"id":16,"nbr":1,"prix_unit":"1"}]', 1.5, '2015-07-14 21:43:52', 1),
(523, '[{"id":1,"nbr":1,"prix_unit":"1"}]', 1, '2015-07-14 21:45:56', 1),
(524, '[{"id":7,"nbr":3,"prix_unit":"1.5"}]', 4.5, '2015-07-14 22:51:09', 1),
(525, '[{"id":7,"nbr":1,"prix_unit":"1.5"},{"id":25,"nbr":1,"prix_unit":"1.5"}]', 3, '2015-07-14 22:55:49', 1),
(526, '[{"id":25,"nbr":1,"prix_unit":"1.5"}]', 1.5, '2015-07-14 22:56:44', 1),
(527, '[{"id":8,"nbr":1,"prix_unit":"1"}]', 1, '2015-07-14 22:59:17', 1),
(528, '[{"id":1,"nbr":1,"prix_unit":"1"},{"id":12,"nbr":1,"prix_unit":"1"}]', 2, '2015-07-14 23:27:19', 1),
(529, '[{"id":20,"nbr":1,"prix_unit":"1"},{"id":10,"nbr":1,"prix_unit":"1"}]', 2, '2015-07-14 23:35:21', 1),
(530, '[{"id":7,"nbr":1,"prix_unit":"1.5"},{"id":2,"nbr":1,"prix_unit":"0.5"}]', 2, '2015-07-14 23:36:56', 1),
(531, '[{"id":23,"nbr":1,"prix_unit":"1"}]', 1, '2015-07-15 00:06:10', 1),
(532, '[{"id":25,"nbr":1,"prix_unit":"1.5"}]', 1.5, '2015-07-15 00:17:08', 1),
(533, '[{"id":12,"nbr":1,"prix_unit":"1"}]', 1, '2015-07-15 00:21:46', 1),
(534, '[{"id":12,"nbr":1,"prix_unit":"1"},{"id":18,"nbr":1,"prix_unit":"1"}]', 2, '2015-07-15 00:44:31', 1),
(535, '[{"id":17,"nbr":1,"prix_unit":"1"},{"id":11,"nbr":1,"prix_unit":"1"}]', 2, '2015-07-15 00:45:40', 1),
(536, '[{"id":7,"nbr":1,"prix_unit":"1.5"}]', 1.5, '2015-07-15 00:51:51', 1),
(537, '[{"id":7,"nbr":2,"prix_unit":"1.5"}]', 3, '2015-07-15 00:55:45', 1),
(538, '[{"id":7,"nbr":4,"prix_unit":"1.5"}]', 6, '2015-07-15 01:49:22', 1),
(539, '[{"id":7,"nbr":2,"prix_unit":"1.5"},{"id":18,"nbr":2,"prix_unit":"1"},{"id":11,"nbr":1,"prix_unit":"1"},{"id":21,"nbr":1,"prix_unit":"1"}]', 7, '2015-07-15 02:11:00', 1),
(540, '[{"id":15,"nbr":1,"prix_unit":"0.5"},{"id":16,"nbr":1,"prix_unit":"1"}]', 1.5, '2015-07-15 15:20:47', 1),
(541, '[{"id":16,"nbr":1,"prix_unit":"1"},{"id":15,"nbr":1,"prix_unit":"0.5"}]', 1.5, '2015-07-15 15:21:29', 1),
(542, '[{"id":20,"nbr":1,"prix_unit":"1"},{"id":17,"nbr":1,"prix_unit":"1"}]', 2, '2015-07-15 15:36:32', 1),
(543, '[{"id":21,"nbr":1,"prix_unit":"1"}]', 1, '2015-07-15 16:00:54', 1),
(544, '[{"id":13,"nbr":1,"prix_unit":"1"},{"id":21,"nbr":1,"prix_unit":"1"}]', 2, '2015-07-15 16:06:55', 1),
(545, '[{"id":21,"nbr":1,"prix_unit":"1"},{"id":11,"nbr":1,"prix_unit":"1"},{"id":17,"nbr":1,"prix_unit":"1"},{"id":4,"nbr":1,"prix_unit":"1"}]', 4, '2015-07-15 16:12:11', 1),
(546, '[{"id":26,"nbr":1,"prix_unit":"1"},{"id":22,"nbr":1,"prix_unit":"1"},{"id":6,"nbr":1,"prix_unit":"0.5"}]', 2.5, '2015-07-15 16:13:40', 1),
(547, '[{"id":17,"nbr":2,"prix_unit":"1"},{"id":2,"nbr":4,"prix_unit":"0.5"}]', 4, '2015-07-15 16:23:04', 1),
(548, '[{"id":2,"nbr":1,"prix_unit":"0.5"},{"id":4,"nbr":3,"prix_unit":"1"},{"id":21,"nbr":1,"prix_unit":"1"}]', 4.5, '2015-07-15 16:24:31', 1),
(549, '[{"id":1,"nbr":1,"prix_unit":"1"}]', 1, '2015-07-15 16:45:08', 1),
(550, '[{"id":12,"nbr":1,"prix_unit":"1"}]', 1, '2015-07-15 16:45:54', 1),
(551, '[{"id":6,"nbr":2,"prix_unit":"0.5"}]', 1, '2015-07-15 16:50:53', 1),
(552, '[{"id":6,"nbr":1,"prix_unit":"0.5"},{"id":2,"nbr":1,"prix_unit":"0.5"}]', 1, '2015-07-15 16:54:45', 1),
(553, '[{"id":13,"nbr":1,"prix_unit":"1"},{"id":21,"nbr":1,"prix_unit":"1"}]', 2, '2015-07-15 16:55:13', 1),
(554, '[{"id":26,"nbr":1,"prix_unit":"1"}]', 1, '2015-07-15 16:59:37', 1),
(555, '[{"id":6,"nbr":1,"prix_unit":"0.5"}]', 0.5, '2015-07-15 17:05:03', 1),
(556, '[{"id":4,"nbr":1,"prix_unit":"1"},{"id":18,"nbr":1,"prix_unit":"1"}]', 2, '2015-07-15 17:05:57', 1),
(557, '[{"id":21,"nbr":1,"prix_unit":"1"}]', 1, '2015-07-15 17:10:06', 1),
(558, '[{"id":2,"nbr":2,"prix_unit":"0.5"},{"id":7,"nbr":1,"prix_unit":"1.5"}]', 2.5, '2015-07-15 17:53:04', 1),
(559, '[{"id":20,"nbr":1,"prix_unit":"1"}]', 1, '2015-07-15 18:25:05', 1),
(560, '[{"id":17,"nbr":1,"prix_unit":"1"},{"id":4,"nbr":1,"prix_unit":"1"},{"id":7,"nbr":1,"prix_unit":"1.5"}]', 3.5, '2015-07-15 18:29:00', 1);
INSERT INTO `ticket` (`id`, `list`, `prix_total`, `date`, `id_user`) VALUES
(561, '[{"id":12,"nbr":1,"prix_unit":"1"}]', 1, '2015-07-15 18:55:55', 1),
(562, '[{"id":6,"nbr":2,"prix_unit":"0.5"},{"id":1,"nbr":1,"prix_unit":"1"},{"id":21,"nbr":1,"prix_unit":"1"}]', 3, '2015-07-15 19:02:19', 1),
(563, '[{"id":1,"nbr":1,"prix_unit":"1"},{"id":26,"nbr":1,"prix_unit":"1"},{"id":18,"nbr":1,"prix_unit":"1"}]', 3, '2015-07-15 19:25:32', 1),
(564, '[{"id":15,"nbr":3,"prix_unit":"0.5"},{"id":16,"nbr":3,"prix_unit":"1"}]', 4.5, '2015-07-16 14:40:27', 3),
(565, '[{"id":1,"nbr":1,"prix_unit":"1"},{"id":17,"nbr":1,"prix_unit":"1"}]', 2, '2015-07-16 14:41:41', 3),
(566, '[{"id":4,"nbr":1,"prix_unit":"1"}]', 1, '2015-07-16 14:50:41', 3),
(567, '[{"id":21,"nbr":1,"prix_unit":"1"}]', 1, '2015-07-16 14:50:57', 3),
(568, '[{"id":1,"nbr":1,"prix_unit":"1"}]', 1, '2015-07-16 14:52:07', 3),
(569, '[{"id":6,"nbr":1,"prix_unit":"0.5"}]', 0.5, '2015-07-16 14:53:42', 3),
(570, '[{"id":16,"nbr":2,"prix_unit":"1"},{"id":15,"nbr":2,"prix_unit":"0.5"}]', 3, '2015-07-16 15:12:49', 3),
(571, '[{"id":1,"nbr":1,"prix_unit":"1"},{"id":18,"nbr":2,"prix_unit":"1"}]', 3, '2015-07-16 15:21:43', 3),
(572, '[{"id":6,"nbr":3,"prix_unit":"0.5"}]', 1.5, '2015-07-16 15:28:05', 3),
(573, '[{"id":6,"nbr":1,"prix_unit":"0.5"}]', 0.5, '2015-07-16 15:28:37', 3),
(574, '[{"id":1,"nbr":1,"prix_unit":"1"},{"id":6,"nbr":1,"prix_unit":"0.5"},{"id":16,"nbr":2,"prix_unit":"1"}]', 3.5, '2015-07-16 15:30:49', 3),
(575, '[{"id":20,"nbr":1,"prix_unit":"1"}]', 1, '2015-07-16 15:34:16', 1),
(576, '[{"id":25,"nbr":1,"prix_unit":"1.5"}]', 1.5, '2015-07-16 15:35:19', 1),
(577, '[{"id":1,"nbr":1,"prix_unit":"1"}]', 1, '2015-07-16 15:35:53', 1),
(578, '[{"id":22,"nbr":1,"prix_unit":"1"}]', 1, '2015-07-16 15:39:49', 1),
(579, '[{"id":1,"nbr":1,"prix_unit":"1"},{"id":17,"nbr":1,"prix_unit":"1"}]', 2, '2015-07-16 15:40:35', 1),
(580, '[{"id":2,"nbr":1,"prix_unit":"0.5"},{"id":11,"nbr":1,"prix_unit":"1"},{"id":23,"nbr":1,"prix_unit":"1"}]', 2.5, '2015-07-16 15:43:57', 1),
(581, '[{"id":4,"nbr":3,"prix_unit":"1"}]', 3, '2015-07-16 15:47:07', 1),
(582, '[{"id":7,"nbr":3,"prix_unit":"1.5"}]', 4.5, '2015-07-16 15:49:26', 1),
(583, '[{"id":4,"nbr":1,"prix_unit":"1"},{"id":10,"nbr":2,"prix_unit":"1"}]', 3, '2015-07-16 15:50:04', 1),
(584, '[{"id":25,"nbr":1,"prix_unit":"1.5"}]', 1.5, '2015-07-16 16:09:06', 1),
(585, '[{"id":6,"nbr":1,"prix_unit":"0.5"},{"id":4,"nbr":1,"prix_unit":"1"}]', 1.5, '2015-07-16 16:26:16', 1),
(586, '[{"id":2,"nbr":1,"prix_unit":"0.5"},{"id":7,"nbr":2,"prix_unit":"1.5"}]', 3.5, '2015-07-16 16:27:34', 1),
(587, '[{"id":21,"nbr":1,"prix_unit":"1"},{"id":14,"nbr":1,"prix_unit":"1"},{"id":17,"nbr":1,"prix_unit":"1"}]', 3, '2015-07-16 16:31:56', 1),
(588, '[{"id":7,"nbr":1,"prix_unit":"1.5"}]', 1.5, '2015-07-16 16:34:35', 1),
(589, '[{"id":18,"nbr":1,"prix_unit":"1"}]', 1, '2015-07-16 16:42:41', 1),
(590, '[{"id":16,"nbr":4,"prix_unit":"1"}]', 4, '2015-07-16 16:47:01', 1),
(591, '[{"id":17,"nbr":1,"prix_unit":"1"},{"id":20,"nbr":2,"prix_unit":"1"},{"id":18,"nbr":1,"prix_unit":"1"},{"id":16,"nbr":1,"prix_unit":"1"}]', 5, '2015-07-16 16:53:42', 1),
(592, '[{"id":4,"nbr":2,"prix_unit":"1"}]', 2, '2015-07-16 17:00:01', 1),
(593, '[{"id":1,"nbr":1,"prix_unit":"1"},{"id":18,"nbr":1,"prix_unit":"1"}]', 2, '2015-07-16 17:28:21', 1),
(594, '[{"id":6,"nbr":1,"prix_unit":"0.5"},{"id":1,"nbr":1,"prix_unit":"1"}]', 1.5, '2015-07-16 17:38:41', 1),
(595, '[{"id":6,"nbr":1,"prix_unit":"0.5"}]', 0.5, '2015-07-16 17:39:44', 1),
(596, '[{"id":26,"nbr":1,"prix_unit":"1"},{"id":18,"nbr":1,"prix_unit":"1"}]', 2, '2015-07-16 17:48:27', 1),
(597, '[{"id":24,"nbr":4,"prix_unit":"-1"}]', -4, '2015-07-16 17:53:08', 1),
(598, '[{"id":23,"nbr":1,"prix_unit":"1"},{"id":22,"nbr":1,"prix_unit":"1"}]', 2, '2015-07-16 17:56:20', 1),
(600, '[{"id":22,"nbr":1,"prix_unit":"1"}]', 1, '2015-07-16 18:00:28', 1),
(601, '[{"id":25,"nbr":1,"prix_unit":"1.5"}]', 1.5, '2015-07-16 18:03:18', 1),
(602, '[{"id":25,"nbr":2,"prix_unit":"1.5"},{"id":7,"nbr":1,"prix_unit":"1.5"}]', 4.5, '2015-07-16 18:04:20', 1),
(603, '[{"id":7,"nbr":1,"prix_unit":"1.5"}]', 1.5, '2015-07-16 18:04:45', 1),
(604, '[{"id":23,"nbr":1,"prix_unit":"1"}]', 1, '2015-07-16 18:09:57', 1),
(605, '[{"id":20,"nbr":1,"prix_unit":"1"}]', 1, '2015-07-16 18:37:05', 1),
(606, '[{"id":25,"nbr":1,"prix_unit":"1.5"}]', 1.5, '2015-07-16 18:50:37', 1),
(607, '[{"id":20,"nbr":1,"prix_unit":"1"}]', 1, '2015-07-16 18:56:29', 1),
(608, '[{"id":14,"nbr":1,"prix_unit":"1"}]', 1, '2015-07-16 18:58:00', 1),
(609, '[{"id":7,"nbr":1,"prix_unit":"1.5"}]', 1.5, '2015-07-16 19:39:32', 1),
(610, '[{"id":15,"nbr":1,"prix_unit":"0.5"},{"id":16,"nbr":1,"prix_unit":"1"}]', 1.5, '2015-07-16 21:06:15', 1),
(611, '[{"id":15,"nbr":2,"prix_unit":"0.5"},{"id":16,"nbr":2,"prix_unit":"1"}]', 3, '2015-07-16 21:10:22', 1),
(612, '[{"id":16,"nbr":1,"prix_unit":"1"},{"id":15,"nbr":1,"prix_unit":"0.5"}]', 1.5, '2015-07-16 21:12:23', 1),
(613, '[{"id":17,"nbr":1,"prix_unit":"1"}]', 1, '2015-07-16 21:16:28', 1),
(614, '[{"id":15,"nbr":2,"prix_unit":"0.5"}]', 1, '2015-07-16 21:17:28', 1),
(615, '[{"id":15,"nbr":3,"prix_unit":"0.5"},{"id":16,"nbr":3,"prix_unit":"1"}]', 4.5, '2015-07-16 21:35:39', 1),
(616, '[{"id":1,"nbr":1,"prix_unit":"1"},{"id":25,"nbr":1,"prix_unit":"1.5"},{"id":17,"nbr":1,"prix_unit":"1"},{"id":18,"nbr":1,"prix_unit":"1"}]', 4.5, '2015-07-16 22:03:02', 1),
(617, '[{"id":18,"nbr":1,"prix_unit":"1"},{"id":16,"nbr":2,"prix_unit":"1"},{"id":15,"nbr":2,"prix_unit":"0.5"},{"id":10,"nbr":2,"prix_unit":"1"},{"id":21,"nbr":2,"prix_unit":"1"},{"id":11,"nbr":2,"prix_unit":"1"}]', 10, '2015-07-16 22:31:39', 1),
(618, '[{"id":20,"nbr":1,"prix_unit":"1"}]', 1, '2015-07-16 22:56:54', 1),
(619, '[{"id":11,"nbr":1,"prix_unit":"1"},{"id":10,"nbr":1,"prix_unit":"1"},{"id":21,"nbr":1,"prix_unit":"1"},{"id":14,"nbr":1,"prix_unit":"1"}]', 4, '2015-07-16 23:26:19', 1),
(620, '[{"id":23,"nbr":1,"prix_unit":"1"}]', 1, '2015-07-16 23:30:12', 1),
(621, '[{"id":13,"nbr":2,"prix_unit":"1"}]', 2, '2015-07-17 00:07:09', 1),
(622, '[{"id":13,"nbr":1,"prix_unit":"1"}]', 1, '2015-07-17 00:08:17', 1),
(623, '[{"id":20,"nbr":1,"prix_unit":"1"}]', 1, '2015-07-17 00:13:07', 1),
(624, '[{"id":15,"nbr":1,"prix_unit":"0.5"},{"id":16,"nbr":1,"prix_unit":"1"}]', 1.5, '2015-07-17 00:23:13', 1),
(625, '[{"id":16,"nbr":1,"prix_unit":"1"}]', 1, '2015-07-17 00:23:37', 1),
(626, '[{"id":25,"nbr":1,"prix_unit":"1.5"}]', 1.5, '2015-07-17 00:31:41', 1),
(627, '[{"id":21,"nbr":1,"prix_unit":"1"}]', 1, '2015-07-17 00:38:23', 1),
(628, '[{"id":18,"nbr":1,"prix_unit":"1"},{"id":13,"nbr":1,"prix_unit":"1"},{"id":22,"nbr":1,"prix_unit":"1"}]', 3, '2015-07-17 00:50:12', 1),
(629, '[{"id":18,"nbr":1,"prix_unit":"1"},{"id":14,"nbr":1,"prix_unit":"1"}]', 2, '2015-07-17 00:50:57', 1),
(630, '[{"id":22,"nbr":1,"prix_unit":"1"}]', 1, '2015-07-17 00:53:08', 1),
(631, '[{"id":21,"nbr":1,"prix_unit":"1"},{"id":20,"nbr":1,"prix_unit":"1"}]', 2, '2015-07-17 01:11:04', 1),
(632, '[{"id":10,"nbr":1,"prix_unit":"1"}]', 1, '2015-07-17 01:13:13', 1),
(633, '[{"id":10,"nbr":1,"prix_unit":"1"},{"id":7,"nbr":2,"prix_unit":"1.5"}]', 4, '2015-07-17 01:14:14', 1),
(634, '[{"id":25,"nbr":1,"prix_unit":"1.5"}]', 1.5, '2015-07-17 01:27:39', 1),
(635, '[{"id":23,"nbr":1,"prix_unit":"1"}]', 1, '2015-07-17 01:37:04', 1),
(636, '[{"id":16,"nbr":1,"prix_unit":"1"},{"id":15,"nbr":1,"prix_unit":"0.5"}]', 1.5, '2015-07-17 14:23:32', 2),
(637, '[{"id":20,"nbr":2,"prix_unit":"1"}]', 2, '2015-07-17 14:42:47', 2),
(638, '[{"id":1,"nbr":2,"prix_unit":"1"}]', 2, '2015-07-17 14:45:41', 2),
(639, '[{"id":18,"nbr":3,"prix_unit":"1"},{"id":20,"nbr":1,"prix_unit":"1"},{"id":1,"nbr":1,"prix_unit":"1"}]', 5, '2015-07-17 14:58:44', 2),
(640, '[{"id":20,"nbr":1,"prix_unit":"1"},{"id":10,"nbr":1,"prix_unit":"1"}]', 2, '2015-07-17 15:00:10', 2),
(641, '[{"id":20,"nbr":1,"prix_unit":"1"},{"id":1,"nbr":1,"prix_unit":"1"}]', 2, '2015-07-17 15:03:31', 2),
(642, '[{"id":6,"nbr":1,"prix_unit":"0.5"}]', 0.5, '2015-07-17 15:41:10', 2),
(643, '[{"id":6,"nbr":1,"prix_unit":"0.5"},{"id":7,"nbr":1,"prix_unit":"1.5"},{"id":25,"nbr":1,"prix_unit":"1.5"}]', 3.5, '2015-07-17 15:43:14', 2),
(644, '[{"id":23,"nbr":2,"prix_unit":"1"}]', 2, '2015-07-17 15:51:22', 2),
(645, '[{"id":1,"nbr":1,"prix_unit":"1"}]', 1, '2015-07-17 15:53:07', 2),
(646, '[{"id":20,"nbr":1,"prix_unit":"1"}]', 1, '2015-07-17 15:58:51', 2),
(647, '[{"id":24,"nbr":3,"prix_unit":"-1"}]', -3, '2015-07-17 16:31:25', 2),
(648, '[{"id":20,"nbr":1,"prix_unit":"1"}]', 1, '2015-07-17 16:38:44', 2),
(649, '[{"id":1,"nbr":1,"prix_unit":"1"}]', 1, '2015-07-17 16:46:56', 2),
(650, '[{"id":7,"nbr":1,"prix_unit":"1.5"}]', 1.5, '2015-07-17 16:47:44', 2),
(651, '[{"id":7,"nbr":1,"prix_unit":"1.5"}]', 1.5, '2015-07-17 16:48:24', 2),
(652, '[{"id":20,"nbr":2,"prix_unit":"1"}]', 2, '2015-07-17 16:52:17', 2),
(653, '[{"id":21,"nbr":1,"prix_unit":"1"},{"id":14,"nbr":1,"prix_unit":"1"}]', 2, '2015-07-17 16:54:50', 2),
(654, '[{"id":20,"nbr":1,"prix_unit":"1"}]', 1, '2015-07-17 16:55:03', 2),
(655, '[{"id":6,"nbr":1,"prix_unit":"0.5"},{"id":10,"nbr":1,"prix_unit":"1"}]', 1.5, '2015-07-17 16:56:57', 2),
(656, '[{"id":21,"nbr":1,"prix_unit":"1"}]', 1, '2015-07-17 16:57:23', 2),
(657, '[{"id":21,"nbr":1,"prix_unit":"1"},{"id":25,"nbr":1,"prix_unit":"1.5"}]', 2.5, '2015-07-17 17:00:04', 2),
(658, '[{"id":12,"nbr":1,"prix_unit":"1"}]', 1, '2015-07-17 17:03:50', 2),
(659, '[{"id":25,"nbr":1,"prix_unit":"1.5"}]', 1.5, '2015-07-17 17:07:50', 2),
(660, '[{"id":1,"nbr":1,"prix_unit":"1"},{"id":13,"nbr":1,"prix_unit":"1"}]', 2, '2015-07-17 18:07:30', 2),
(661, '[{"id":4,"nbr":1,"prix_unit":"1"}]', 1, '2015-07-17 18:21:00', 2),
(662, '[{"id":4,"nbr":1,"prix_unit":"1"}]', 1, '2015-07-17 18:32:31', 2),
(663, '[{"id":7,"nbr":2,"prix_unit":"1.5"}]', 3, '2015-07-17 20:06:09', 1),
(664, '[{"id":17,"nbr":1,"prix_unit":"1"},{"id":18,"nbr":1,"prix_unit":"1"},{"id":25,"nbr":1,"prix_unit":"1.5"},{"id":21,"nbr":1,"prix_unit":"1"}]', 4.5, '2015-07-17 21:34:05', 1),
(665, '[{"id":18,"nbr":2,"prix_unit":"1"},{"id":23,"nbr":1,"prix_unit":"1"}]', 3, '2015-07-17 21:36:47', 1),
(666, '[{"id":17,"nbr":1,"prix_unit":"1"},{"id":1,"nbr":1,"prix_unit":"1"}]', 2, '2015-07-17 21:39:03', 1),
(667, '[{"id":18,"nbr":1,"prix_unit":"1"}]', 1, '2015-07-17 21:39:56', 1),
(668, '[{"id":27,"nbr":1,"prix_unit":"1"},{"id":18,"nbr":1,"prix_unit":"1"}]', 2, '2015-07-17 21:50:26', 1),
(669, '[{"id":23,"nbr":1,"prix_unit":"1"}]', 1, '2015-07-17 21:58:25', 1),
(670, '[{"id":27,"nbr":1,"prix_unit":"1"},{"id":21,"nbr":1,"prix_unit":"1"},{"id":17,"nbr":2,"prix_unit":"1"}]', 4, '2015-07-17 22:06:30', 1),
(671, '[{"id":20,"nbr":1,"prix_unit":"1"}]', 1, '2015-07-17 22:07:43', 1),
(672, '[{"id":15,"nbr":1,"prix_unit":"0.5"},{"id":16,"nbr":2,"prix_unit":"1"}]', 2.5, '2015-07-17 22:16:26', 1),
(673, '[{"id":1,"nbr":2,"prix_unit":"1"}]', 2, '2015-07-17 22:16:52', 1),
(674, '[{"id":21,"nbr":1,"prix_unit":"1"}]', 1, '2015-07-17 22:17:18', 1),
(675, '[{"id":1,"nbr":1,"prix_unit":"1"}]', 1, '2015-07-17 22:19:01', 1),
(676, '[{"id":22,"nbr":1,"prix_unit":"1"}]', 1, '2015-07-17 23:06:42', 1),
(677, '[{"id":9,"nbr":1,"prix_unit":"0.5"}]', 0.5, '2015-07-17 23:07:07', 1),
(678, '[{"id":25,"nbr":2,"prix_unit":"1.5"}]', 3, '2015-07-17 23:14:32', 1),
(679, '[{"id":25,"nbr":2,"prix_unit":"1.5"},{"id":18,"nbr":1,"prix_unit":"1"}]', 4, '2015-07-17 23:19:31', 1),
(680, '[{"id":25,"nbr":2,"prix_unit":"1.5"}]', 3, '2015-07-17 23:26:54', 1),
(681, '[{"id":7,"nbr":3,"prix_unit":"1.5"}]', 4.5, '2015-07-17 23:35:08', 1),
(682, '[{"id":11,"nbr":1,"prix_unit":"1"}]', 1, '2015-07-17 23:38:03', 1),
(683, '[{"id":22,"nbr":1,"prix_unit":"1"}]', 1, '2015-07-17 23:38:31', 1),
(684, '[{"id":9,"nbr":1,"prix_unit":"0.5"},{"id":17,"nbr":1,"prix_unit":"1"},{"id":21,"nbr":1,"prix_unit":"1"}]', 2.5, '2015-07-17 23:44:58', 1),
(685, '[{"id":11,"nbr":1,"prix_unit":"1"},{"id":27,"nbr":1,"prix_unit":"1"}]', 2, '2015-07-17 23:45:45', 1),
(686, '[{"id":17,"nbr":1,"prix_unit":"1"}]', 1, '2015-07-17 23:46:20', 1),
(687, '[{"id":20,"nbr":2,"prix_unit":"1"}]', 2, '2015-07-17 23:47:19', 1),
(688, '[{"id":9,"nbr":1,"prix_unit":"0.5"}]', 0.5, '2015-07-17 23:47:57', 1),
(689, '[{"id":6,"nbr":1,"prix_unit":"0.5"}]', 0.5, '2015-07-17 23:48:27', 1),
(690, '[{"id":9,"nbr":2,"prix_unit":"0.5"}]', 1, '2015-07-17 23:48:42', 1),
(691, '[{"id":9,"nbr":2,"prix_unit":"0.5"}]', 1, '2015-07-17 23:49:37', 1),
(692, '[{"id":9,"nbr":2,"prix_unit":"0.5"}]', 1, '2015-07-17 23:49:39', 1),
(693, '[{"id":20,"nbr":1,"prix_unit":"1"}]', 1, '2015-07-17 23:49:42', 1),
(694, '[{"id":9,"nbr":2,"prix_unit":"0.5"}]', 1, '2015-07-17 23:50:19', 1),
(695, '[{"id":9,"nbr":1,"prix_unit":"0.5"}]', 0.5, '2015-07-17 23:50:44', 1),
(696, '[{"id":9,"nbr":1,"prix_unit":"0.5"},{"id":1,"nbr":1,"prix_unit":"1"},{"id":15,"nbr":1,"prix_unit":"0.5"},{"id":16,"nbr":1,"prix_unit":"1"}]', 3, '2015-07-17 23:51:21', 1),
(697, '[{"id":9,"nbr":2,"prix_unit":"0.5"}]', 1, '2015-07-17 23:52:48', 1),
(698, '[{"id":9,"nbr":5,"prix_unit":"0.5"}]', 2.5, '2015-07-17 23:53:15', 1),
(699, '[{"id":6,"nbr":1,"prix_unit":"0.5"},{"id":9,"nbr":1,"prix_unit":"0.5"}]', 1, '2015-07-17 23:54:11', 1),
(700, '[{"id":9,"nbr":3,"prix_unit":"0.5"}]', 1.5, '2015-07-18 00:02:06', 1),
(701, '[{"id":9,"nbr":4,"prix_unit":"0.5"}]', 2, '2015-07-18 00:02:35', 1),
(702, '[{"id":20,"nbr":1,"prix_unit":"1"}]', 1, '2015-07-18 00:04:34', 1),
(703, '[{"id":18,"nbr":1,"prix_unit":"1"}]', 1, '2015-07-18 00:07:36', 1),
(704, '[{"id":9,"nbr":1,"prix_unit":"0.5"}]', 0.5, '2015-07-18 00:08:22', 1),
(705, '[{"id":7,"nbr":1,"prix_unit":"1.5"},{"id":25,"nbr":1,"prix_unit":"1.5"}]', 3, '2015-07-18 00:09:40', 1),
(706, '[{"id":18,"nbr":1,"prix_unit":"1"}]', 1, '2015-07-18 00:19:28', 1),
(707, '[{"id":2,"nbr":2,"prix_unit":"0.5"},{"id":18,"nbr":2,"prix_unit":"1"},{"id":1,"nbr":2,"prix_unit":"1"}]', 5, '2015-07-18 00:23:28', 1),
(708, '[{"id":9,"nbr":4,"prix_unit":"0.5"}]', 2, '2015-07-18 00:23:46', 1),
(709, '[{"id":18,"nbr":1,"prix_unit":"1"}]', 1, '2015-07-18 00:25:11', 1),
(710, '[{"id":9,"nbr":1,"prix_unit":"0.5"}]', 0.5, '2015-07-18 00:26:11', 1),
(711, '[{"id":21,"nbr":1,"prix_unit":"1"},{"id":27,"nbr":1,"prix_unit":"1"}]', 2, '2015-07-18 00:45:34', 1),
(712, '[{"id":4,"nbr":1,"prix_unit":"1"},{"id":18,"nbr":1,"prix_unit":"1"},{"id":10,"nbr":1,"prix_unit":"1"}]', 3, '2015-07-18 00:56:35', 1),
(713, '[{"id":1,"nbr":1,"prix_unit":"1"}]', 1, '2015-07-18 00:56:58', 1),
(714, '[{"id":9,"nbr":1,"prix_unit":"0.5"},{"id":"","nbr":4,"prix_unit":null}]', 0.5, '2015-07-18 01:05:10', 1),
(715, '[{"id":27,"nbr":2,"prix_unit":"1"},{"id":10,"nbr":1,"prix_unit":"1"}]', 3, '2015-07-18 01:09:33', 1),
(716, '[{"id":27,"nbr":1,"prix_unit":"1"}]', 1, '2015-07-18 01:16:57', 1),
(717, '[{"id":16,"nbr":2,"prix_unit":"1"},{"id":15,"nbr":2,"prix_unit":"0.5"}]', 3, '2015-07-18 01:20:53', 1),
(718, '[{"id":16,"nbr":1,"prix_unit":"1"},{"id":15,"nbr":1,"prix_unit":"0.5"}]', 1.5, '2015-07-18 01:22:05', 1),
(719, '[{"id":9,"nbr":1,"prix_unit":"0.5"}]', 0.5, '2015-07-18 01:24:11', 1),
(720, '[{"id":2,"nbr":1,"prix_unit":"0.5"}]', 0.5, '2015-07-18 01:24:37', 1),
(721, '[{"id":15,"nbr":1,"prix_unit":"0.5"}]', 0.5, '2015-07-18 01:31:34', 1),
(722, '[{"id":25,"nbr":1,"prix_unit":"1.5"}]', 1.5, '2015-07-18 01:40:15', 1),
(723, '[{"id":7,"nbr":1,"prix_unit":"1.5"}]', 1.5, '2015-07-18 01:40:38', 1),
(724, '[{"id":27,"nbr":1,"prix_unit":"1"}]', 1, '2015-07-18 01:46:26', 1),
(725, '[{"id":27,"nbr":1,"prix_unit":"1"}]', 1, '2015-07-18 01:47:43', 1),
(726, '[{"id":2,"nbr":2,"prix_unit":"0.5"},{"id":13,"nbr":1,"prix_unit":"1"},{"id":11,"nbr":1,"prix_unit":"1"}]', 3, '2015-07-18 01:48:49', 1),
(727, '[{"id":11,"nbr":1,"prix_unit":"1"},{"id":4,"nbr":1,"prix_unit":"1"}]', 2, '2015-07-18 01:49:58', 1),
(728, '[{"id":9,"nbr":1,"prix_unit":"0.5"}]', 0.5, '2015-07-18 01:51:30', 1),
(729, '[{"id":9,"nbr":1,"prix_unit":"0.5"},{"id":7,"nbr":1,"prix_unit":"1.5"}]', 2, '2015-07-18 01:52:49', 1),
(730, '[{"id":9,"nbr":2,"prix_unit":"0.5"}]', 1, '2015-07-18 02:02:10', 1),
(731, '[{"id":7,"nbr":2,"prix_unit":"1.5"}]', 3, '2015-07-18 14:06:41', 1),
(732, '[{"id":7,"nbr":3,"prix_unit":"1.5"},{"id":10,"nbr":1,"prix_unit":"1"}]', 5.5, '2015-07-18 14:20:47', 1),
(733, '[{"id":1,"nbr":1,"prix_unit":"1"}]', 1, '2015-07-18 14:39:51', 1),
(734, '[{"id":22,"nbr":1,"prix_unit":"1"}]', 1, '2015-07-18 14:40:25', 1),
(735, '[{"id":2,"nbr":2,"prix_unit":"0.5"}]', 1, '2015-07-18 14:45:34', 1),
(736, '[{"id":4,"nbr":1,"prix_unit":"1"}]', 1, '2015-07-18 14:51:22', 1),
(737, '[{"id":25,"nbr":2,"prix_unit":"1.5"}]', 3, '2015-07-18 15:06:21', 1),
(738, '[{"id":2,"nbr":1,"prix_unit":"0.5"},{"id":23,"nbr":1,"prix_unit":"1"}]', 1.5, '2015-07-18 15:07:15', 1),
(739, '[{"id":22,"nbr":2,"prix_unit":"1"},{"id":2,"nbr":1,"prix_unit":"0.5"}]', 2.5, '2015-07-18 15:07:46', 1),
(740, '[{"id":7,"nbr":2,"prix_unit":"1.5"},{"id":14,"nbr":1,"prix_unit":"1"},{"id":22,"nbr":1,"prix_unit":"1"}]', 5, '2015-07-18 15:14:40', 1),
(741, '[{"id":25,"nbr":3,"prix_unit":"1.5"}]', 4.5, '2015-07-18 15:16:10', 1),
(742, '[{"id":18,"nbr":1,"prix_unit":"1"}]', 1, '2015-07-18 15:20:30', 1),
(743, '[{"id":7,"nbr":2,"prix_unit":"1.5"}]', 3, '2015-07-18 15:30:07', 1),
(744, '[{"id":4,"nbr":1,"prix_unit":"1"}]', 1, '2015-07-18 15:31:55', 1),
(745, '[{"id":1,"nbr":1,"prix_unit":"1"}]', 1, '2015-07-18 15:32:40', 1),
(746, '[{"id":4,"nbr":1,"prix_unit":"1"}]', 1, '2015-07-18 15:33:17', 1),
(747, '[{"id":4,"nbr":1,"prix_unit":"1"}]', 1, '2015-07-18 15:38:49', 1),
(748, '[{"id":4,"nbr":1,"prix_unit":"1"}]', 1, '2015-07-18 15:46:33', 1),
(749, '[{"id":13,"nbr":1,"prix_unit":"1"},{"id":10,"nbr":1,"prix_unit":"1"}]', 2, '2015-07-18 15:49:07', 1),
(750, '[{"id":22,"nbr":2,"prix_unit":"1"}]', 2, '2015-07-18 15:56:55', 1),
(751, '[{"id":1,"nbr":1,"prix_unit":"1"}]', 1, '2015-07-18 16:13:35', 1),
(752, '[{"id":25,"nbr":2,"prix_unit":"1.5"}]', 3, '2015-07-18 16:26:33', 1),
(753, '[{"id":27,"nbr":1,"prix_unit":"1"},{"id":23,"nbr":1,"prix_unit":"1"}]', 2, '2015-07-18 16:26:49', 1),
(754, '[{"id":25,"nbr":1,"prix_unit":"1.5"},{"id":18,"nbr":1,"prix_unit":"1"}]', 2.5, '2015-07-18 16:28:37', 1),
(755, '[{"id":6,"nbr":1,"prix_unit":"0.5"}]', 0.5, '2015-07-18 16:29:04', 1),
(756, '[{"id":20,"nbr":1,"prix_unit":"1"},{"id":2,"nbr":1,"prix_unit":"0.5"},{"id":23,"nbr":2,"prix_unit":"1"}]', 3.5, '2015-07-18 16:41:56', 1),
(757, '[{"id":25,"nbr":2,"prix_unit":"1.5"}]', 3, '2015-07-18 16:51:33', 1),
(758, '[{"id":4,"nbr":1,"prix_unit":"1"},{"id":20,"nbr":1,"prix_unit":"1"}]', 2, '2015-07-18 16:52:38', 1),
(759, '[{"id":18,"nbr":1,"prix_unit":"1"}]', 1, '2015-07-18 16:54:28', 1),
(760, '[{"id":1,"nbr":1,"prix_unit":"1"},{"id":27,"nbr":1,"prix_unit":"1"}]', 2, '2015-07-18 16:54:56', 1),
(761, '[{"id":15,"nbr":1,"prix_unit":"0.5"},{"id":16,"nbr":1,"prix_unit":"1"}]', 1.5, '2015-07-18 16:55:49', 1),
(762, '[{"id":1,"nbr":1,"prix_unit":"1"}]', 1, '2015-07-18 16:58:06', 1),
(763, '[{"id":14,"nbr":1,"prix_unit":"1"},{"id":10,"nbr":1,"prix_unit":"1"}]', 2, '2015-07-18 16:59:49', 1),
(764, '[{"id":16,"nbr":2,"prix_unit":"1"},{"id":15,"nbr":2,"prix_unit":"0.5"}]', 3, '2015-07-18 17:01:20', 1),
(765, '[{"id":17,"nbr":1,"prix_unit":"1"},{"id":22,"nbr":1,"prix_unit":"1"}]', 2, '2015-07-18 17:03:27', 1),
(766, '[{"id":14,"nbr":2,"prix_unit":"1"}]', 2, '2015-07-18 17:08:53', 1),
(767, '[{"id":6,"nbr":1,"prix_unit":"0.5"}]', 0.5, '2015-07-18 17:10:04', 1),
(768, '[{"id":22,"nbr":1,"prix_unit":"1"},{"id":23,"nbr":1,"prix_unit":"1"}]', 2, '2015-07-18 17:12:07', 1),
(769, '[{"id":7,"nbr":1,"prix_unit":"1.5"}]', 1.5, '2015-07-18 17:21:25', 1),
(770, '[{"id":25,"nbr":2,"prix_unit":"1.5"}]', 3, '2015-07-18 17:22:35', 1),
(771, '[{"id":25,"nbr":1,"prix_unit":"1.5"}]', 1.5, '2015-07-18 17:23:24', 1),
(772, '[{"id":25,"nbr":1,"prix_unit":"1.5"}]', 1.5, '2015-07-18 17:42:47', 1),
(773, '[{"id":2,"nbr":1,"prix_unit":"0.5"}]', 0.5, '2015-07-18 17:49:31', 1),
(774, '[{"id":7,"nbr":2,"prix_unit":"1.5"},{"id":25,"nbr":1,"prix_unit":"1.5"}]', 4.5, '2015-07-18 17:50:15', 1),
(775, '[{"id":4,"nbr":1,"prix_unit":"1"}]', 1, '2015-07-18 18:01:49', 1),
(776, '[{"id":18,"nbr":1,"prix_unit":"1"},{"id":1,"nbr":2,"prix_unit":"1"}]', 3, '2015-07-18 18:07:15', 1),
(777, '[{"id":2,"nbr":1,"prix_unit":"0.5"},{"id":18,"nbr":1,"prix_unit":"1"}]', 1.5, '2015-07-18 18:21:10', 1),
(778, '[{"id":25,"nbr":1,"prix_unit":"1.5"}]', 1.5, '2015-07-18 18:55:33', 1),
(779, '[{"id":16,"nbr":1,"prix_unit":"1"}]', 1, '2015-07-18 19:30:36', 1),
(780, '[{"id":6,"nbr":1,"prix_unit":"0.5"},{"id":21,"nbr":1,"prix_unit":"1"}]', 1.5, '2015-07-18 21:10:21', 1),
(781, '[{"id":18,"nbr":1,"prix_unit":"1"}]', 1, '2015-07-18 21:54:00', 1),
(782, '[{"id":1,"nbr":1,"prix_unit":"1"},{"id":25,"nbr":1,"prix_unit":"1.5"},{"id":7,"nbr":3,"prix_unit":"1.5"},{"id":6,"nbr":1,"prix_unit":"0.5"}]', 7.5, '2015-07-18 21:55:50', 1),
(783, '[{"id":21,"nbr":1,"prix_unit":"1"}]', 1, '2015-07-18 22:14:27', 1),
(784, '[{"id":25,"nbr":1,"prix_unit":"1.5"},{"id":4,"nbr":1,"prix_unit":"1"}]', 2.5, '2015-07-18 22:16:27', 1),
(785, '[{"id":1,"nbr":1,"prix_unit":"1"}]', 1, '2015-07-18 22:17:27', 1),
(786, '[{"id":13,"nbr":1,"prix_unit":"1"}]', 1, '2015-07-18 22:17:53', 1),
(787, '[{"id":17,"nbr":1,"prix_unit":"1"},{"id":4,"nbr":1,"prix_unit":"1"},{"id":1,"nbr":1,"prix_unit":"1"}]', 3, '2015-07-18 22:19:13', 1),
(788, '[{"id":1,"nbr":1,"prix_unit":"1"}]', 1, '2015-07-18 22:54:33', 1),
(789, '[{"id":1,"nbr":1,"prix_unit":"1"}]', 1, '2015-07-18 23:15:46', 1),
(790, '[{"id":1,"nbr":1,"prix_unit":"1"}]', 1, '2015-07-18 23:20:01', 1),
(791, '[{"id":14,"nbr":1,"prix_unit":"1"},{"id":13,"nbr":1,"prix_unit":"1"},{"id":21,"nbr":1,"prix_unit":"1"},{"id":10,"nbr":1,"prix_unit":"1"}]', 4, '2015-07-18 23:21:28', 1),
(792, '[{"id":4,"nbr":2,"prix_unit":"1"}]', 2, '2015-07-18 23:21:39', 1),
(793, '[{"id":22,"nbr":2,"prix_unit":"1"},{"id":18,"nbr":1,"prix_unit":"1"},{"id":2,"nbr":1,"prix_unit":"0.5"}]', 3.5, '2015-07-18 23:25:41', 1),
(794, '[{"id":21,"nbr":1,"prix_unit":"1"}]', 1, '2015-07-18 23:25:58', 1),
(795, '[{"id":4,"nbr":1,"prix_unit":"1"},{"id":21,"nbr":2,"prix_unit":"1"},{"id":23,"nbr":1,"prix_unit":"1"}]', 4, '2015-07-18 23:28:20', 1),
(796, '[{"id":15,"nbr":1,"prix_unit":"0.5"}]', 0.5, '2015-07-18 23:50:38', 1),
(797, '[{"id":15,"nbr":1,"prix_unit":"0.5"},{"id":20,"nbr":1,"prix_unit":"1"}]', 1.5, '2015-07-18 23:52:09', 1),
(798, '[{"id":16,"nbr":2,"prix_unit":"1"},{"id":1,"nbr":1,"prix_unit":"1"},{"id":18,"nbr":2,"prix_unit":"1"},{"id":15,"nbr":1,"prix_unit":"0.5"},{"id":4,"nbr":2,"prix_unit":"1"}]', 7.5, '2015-07-18 23:55:49', 1),
(799, '[{"id":16,"nbr":1,"prix_unit":"1"}]', 1, '2015-07-18 23:58:08', 1),
(800, '[{"id":18,"nbr":1,"prix_unit":"1"},{"id":13,"nbr":1,"prix_unit":"1"}]', 2, '2015-07-19 00:00:50', 1),
(801, '[{"id":18,"nbr":1,"prix_unit":"1"}]', 1, '2015-07-19 00:01:38', 1),
(802, '[{"id":1,"nbr":1,"prix_unit":"1"}]', 1, '2015-07-19 00:02:00', 1),
(803, '[{"id":22,"nbr":1,"prix_unit":"1"}]', 1, '2015-07-19 00:11:29', 1),
(804, '[{"id":23,"nbr":2,"prix_unit":"1"}]', 2, '2015-07-19 00:16:21', 1),
(805, '[{"id":23,"nbr":1,"prix_unit":"1"}]', 1, '2015-07-19 00:16:49', 1),
(806, '[{"id":11,"nbr":1,"prix_unit":"1"}]', 1, '2015-07-19 00:17:47', 1),
(807, '[{"id":22,"nbr":1,"prix_unit":"1"}]', 1, '2015-07-19 00:38:52', 1),
(808, '[{"id":13,"nbr":1,"prix_unit":"1"}]', 1, '2015-07-19 00:39:47', 1),
(809, '[{"id":21,"nbr":1,"prix_unit":"1"}]', 1, '2015-07-19 00:43:56', 1),
(810, '[{"id":27,"nbr":1,"prix_unit":"1"},{"id":18,"nbr":1,"prix_unit":"1"}]', 2, '2015-07-19 00:56:41', 1),
(811, '[{"id":10,"nbr":1,"prix_unit":"1"},{"id":27,"nbr":1,"prix_unit":"1"}]', 2, '2015-07-19 00:58:43', 1),
(812, '[{"id":21,"nbr":1,"prix_unit":"1"},{"id":6,"nbr":1,"prix_unit":"0.5"}]', 1.5, '2015-07-19 02:30:24', 1),
(813, '[{"id":20,"nbr":1,"prix_unit":"1"}]', 1, '2015-07-19 14:14:08', 1),
(814, '[{"id":15,"nbr":1,"prix_unit":"0.5"},{"id":16,"nbr":1,"prix_unit":"1"}]', 1.5, '2015-07-19 14:14:52', 1),
(815, '[{"id":4,"nbr":1,"prix_unit":"1"}]', 1, '2015-07-19 14:44:26', 1),
(816, '[{"id":4,"nbr":1,"prix_unit":"1"}]', 1, '2015-07-19 14:57:29', 1),
(817, '[{"id":24,"nbr":1,"prix_unit":"-1"}]', -1, '2015-07-19 15:34:36', 1),
(818, '[{"id":24,"nbr":1,"prix_unit":"-1"}]', -1, '2015-07-19 15:44:48', 1),
(819, '[{"id":21,"nbr":1,"prix_unit":"1"},{"id":11,"nbr":1,"prix_unit":"1"}]', 2, '2015-07-19 16:22:48', 1),
(820, '[{"id":27,"nbr":1,"prix_unit":"1"},{"id":1,"nbr":1,"prix_unit":"1"}]', 2, '2015-07-19 16:23:34', 1),
(821, '[{"id":22,"nbr":1,"prix_unit":"1"}]', 1, '2015-07-19 16:32:17', 1),
(822, '[{"id":22,"nbr":2,"prix_unit":"1"}]', 2, '2015-07-19 16:33:53', 1);

-- --------------------------------------------------------

--
-- Structure de la table `user`
--

CREATE TABLE IF NOT EXISTS `user` (
  `id` int(11) NOT NULL AUTO_INCREMENT,
  `pseudo` varchar(255) NOT NULL,
  `pass` varchar(255) NOT NULL,
  `admin` tinyint(1) NOT NULL DEFAULT '0',
  PRIMARY KEY (`id`)
) ENGINE=InnoDB  DEFAULT CHARSET=utf8 AUTO_INCREMENT=5 ;

--
-- Contenu de la table `user`
--

INSERT INTO `user` (`id`, `pseudo`, `pass`, `admin`) VALUES
(1, 'Pyrate', '60ca972e501e0a2cd9e97e7744c99917018c1722fa6307febbda17bf11366771eab5e92141f04b4647321fdb98b97ebd1593d9742f9c036114dc64547a11eb79', 1),
(2, 'Simon', 'c4453ba8b761cced2b61b5e9081c2b1d27c96b5555fe6453211e4d2a5bfcd8cd32d94a7f831768d8671a98f7cd962e37fc680cbffe25e08d121fc95fca645a8e', 1),
(3, 'Viking', '57afa82fdf526444a6d45f28ff8c55de41df75274c95555f088bf574be5c5d4225f2be521213f017af9bc8bd617c782147892eb6c8b8114d02b1f208e9c2fa79', 0),
(4, 'Lyckie', 'c45f956f9e31cf869c7cc957b6f73d3c8db59b7a3b2ed8314ed931d0b3baeacc98359de0863527d5f876343c88921232ca2f2ff3cf38174b457a804f13ff5ef0', 0);

/*!40101 SET CHARACTER_SET_CLIENT=@OLD_CHARACTER_SET_CLIENT */;
/*!40101 SET CHARACTER_SET_RESULTS=@OLD_CHARACTER_SET_RESULTS */;
/*!40101 SET COLLATION_CONNECTION=@OLD_COLLATION_CONNECTION */;
